player_id,ranking_category,old_points,repriced,unpriced_results
01641f10-7928-42b3-ae2d-6c62c67c9b7a,Men's,30,25.0,0
042630ef-be7b-401e-9a56-2bdbd27b005b,Men's,45,39.0,0
06a4aeef-aaca-45ef-a83a-cb3c703c9789,Men's,124,118.0,0
08c756f4-9b1a-41af-96b5-b7041d812156,Men's,30,18.0,0
0d1e6d6a-d91e-406e-9088-b28c062da1fc,Women's,24,18.0,0
0df50617-268c-477d-8351-fd6f8ed84a71,Men's 40+,400,324.0,0
0fd115b3-0fce-4f9b-93c9-13e6c268e5cb,Men's,50,50.0,0
124f1292-f3a9-4139-bd9d-f9fa8e1dd983,Women's,240,216.0,0
13d6188c-cd2e-4152-a5c2-0b82573143b9,Men's,204,64.0,1
14a281a9-7a22-4c0a-bf96-f19abc4a6bd1,Women's,30,25.0,0
15061bb7-8b57-4367-b302-35d512b70b74,Men's,76,48.0,0
16def632-d48e-4678-81b5-1316aedb049c,Men's 40+,780,648.0,0
1b914254-ef80-4aa1-aae6-196986d10121,Women's,24,18.0,0
1ba7872b-25a9-4395-b046-84d1fdeff538,Men's 40+,480,270.0,0
1c91795e-92c5-444b-aa99-d1e70e063c55,Women's,2452,2285.0,0
222a0e4a-457f-42ef-bedc-cea1892b3280,Men's,15,9.0,0
229df8e2-1349-4ee0-a15a-e46df0dc770f,Men's,36,30.0,0
22f71241-5bf4-4dc7-ba33-683a2ea0f75b,Men's,15,9.0,0
25361116-4f57-4024-b424-a8246e491c54,Men's,120,,1
261c3899-f32d-4861-a046-8b36ccf6123a,Women's,516,462.0,0
26582647-4a0f-456e-86d7-98b5087f3875,Men's,24,18.0,0
26ba9e18-b56b-4e13-b403-bd9cce25671d,Men's,15,9.0,0
27971b18-d7dd-4eff-8ce5-6ecc8ead85b0,Women's,18,15.0,0
29ce2928-dce1-42de-9eb6-43363196ee5f,Men's,40,36.0,0
29e75609-025c-485b-a40a-969d2ce6e6bc,Men's,760,660.0,0
2bde84bf-0871-496d-836c-05d90139b08d,Men's,12,5.0,0
2c982f04-1a03-4d77-9359-5b44f4e5aed2,Men's 40+,1600,1500.0,0
2d665cd5-8589-4301-81c6-25e0ba95fe1a,Men's,340,216.0,0
310f748b-4718-461d-aa46-f7537fcfa9e5,Men's,120,54.0,0
32e72a90-6fbd-4ccc-bdc5-93be13a6f158,Men's,150,72.0,0
33ba8a38-6ea6-4a24-a6c2-539cda4a6089,Men's,18,9.0,0
33c37317-e796-4dae-9697-19aa9df046bd,Men's,20,18.0,0
33da4499-d5cc-4c4c-9002-f405f2051d1b,Men's,240,216.0,0
33e396ff-a084-4b28-b360-ff47e5b98714,Men's,20,9.0,0
360581d4-b031-4e4f-b758-6ec519464571,Men's,24,18.0,0
3b3fe796-88b7-4a76-a7e3-e67f0a4a5b7a,Men's 40+,480,270.0,0
3cfbe0a0-f37c-4129-b3a5-157f4bf5b859,Men's,78,59.0,0
3d21ad79-9d3f-46d7-92da-ef095250efaf,Women's,40,36.0,0
3f2fcf21-952f-4b68-9b43-539d6b1ade27,Men's,1020,720.0,0
3f2fcf21-952f-4b68-9b43-539d6b1ade27,Men's 40+,240,180.0,0
3f67e6f5-c192-474b-ab22-b0a87f98535d,Men's,100,100.0,0
433ad480-92da-44d3-b432-953719fa8ea3,Men's,600,270.0,1
460350b9-79b8-43e3-9b0a-6856d9056bda,Men's,18,9.0,0
46d8e856-a32f-4060-bf62-6b24fb9e6a8d,Men's,2000,1740.0,0
477f11d3-787d-4419-b0f5-23b7f94a4a51,Women's,12,9.0,0
481f14a2-6a1c-4826-a67c-e8c50be8bc51,Women's,24,18.0,0
4a24bb98-4925-4def-ac6a-f794287f8ef6,Men's,150,72.0,0
4a3ed922-b521-4c51-9346-83d47b493813,Men's 40+,180,108.0,0
4abc41a6-8e24-4eaa-a669-eadf2b1b7365,Men's,18,9.0,0
4b5c73b1-1d6c-4d72-9e13-3d93fbf93070,Women's,50,50.0,0
4f02042c-7cbe-4536-8a96-d529346d901c,Men's,24,18.0,0
4f889960-3cf4-48c0-83f2-0ddc73c9c8b3,Men's,360,360.0,0
5204bb34-67a8-4521-8743-b83d86905309,Men's,20,9.0,0
523ad7a9-7183-4c35-ab10-58045485d4bb,Men's,20,18.0,0
531b4b75-e3cf-439f-a0fb-5e83867deff8,Men's,1400,1188.0,0
552316ca-e9d1-4efc-a4a6-c8cfec01f68d,Men's 40+,160,108.0,0
56d2d7ff-1ad3-488b-9496-772430716c16,Men's,15,9.0,0
571b61a2-7bb2-4709-8d08-7dcc6e91d02d,Men's,18,9.0,0
5854e023-8f2c-4811-82ed-0e54efaf63ec,Men's,2160,1848.0,0
591d607a-18da-4552-a761-0a66271a2718,Women's,50,50.0,0
5b3d8985-ba2b-4840-96cb-df23c6bd1347,Men's,1680,1284.0,1
5b6730d4-a1a1-4cd3-97ec-3423545be5cd,Men's,292,155.0,1
5df49a33-22cb-4ac4-b03a-a075acfb5390,Men's,120,,1
5e22ce04-3d81-4d0a-ae6b-7fba4bcea448,Men's,24,18.0,0
5efe3810-7452-45ba-9911-ef58eb490a3f,Men's,1360,1056.0,0
5fb018f5-d23c-474c-9d85-c7acd4b03f0f,Men's,57,48.0,0
6023f7fb-b00d-4093-ab62-cc6d12726cce,Men's,12,5.0,0
604edc4e-0143-476a-aec6-c89b715f6949,Men's,160,108.0,0
61d2b099-ebaa-47de-8a92-2a080317a0a7,Men's,60,60.0,0
63668ef8-aaa9-4524-9827-c84f3f2d757e,Men's,20,18.0,0
645bea63-c782-48f3-9687-7887da354b08,Men's,50,50.0,0
65e48ebf-0f26-4abe-b2c3-6629ab689249,Men's,12,5.0,0
68516614-5b90-40ce-b11e-09ad9353da5a,Men's,18,9.0,0
6878b0c2-2144-404e-ad97-45159eca8fc8,Men's 40+,400,324.0,0
6892cafd-242b-468e-a1aa-cd2523e083a6,Men's,12,9.0,0
6920ba87-de99-461a-9af7-74a07b08c305,Men's,18,9.0,0
6a3070aa-afd1-4319-9aa8-8376abb53ec0,Men's,30,18.0,0
6b49f7ef-e989-4036-816e-f0267d3c3ef0,Men's,184,168.0,0
6bfd1277-761c-46c8-9e40-cbce3df40c13,Men's,62,51.0,0
6cdc4da7-096f-4c21-a48e-4183e606d2ef,Men's,20,9.0,0
6dc1ecef-b2d9-4579-a1d0-c69e2553a65c,Men's,120,54.0,0
6ec925af-f358-475a-9fd4-37dfcbb1795d,Men's 40+,300,162.0,0
7078cecf-5699-43ef-aefe-dd1c239e92ba,Men's,124,78.0,0
716df803-2711-44e0-99a3-c5d59dfde298,Men's,50,34.0,0
739a853c-ae03-4719-ba64-a326c87ccd84,Women's,18,9.0,0
74a7e384-3f53-44ee-80d0-059e3fa60e1c,Men's,18,9.0,0
76c439ce-ed6a-4d86-b384-38a843b6a4ee,Women's,96,90.0,0
7818fd9a-1675-4d45-acd5-dfc6eff38028,Men's,120,,1
783fd411-3a52-446e-90cc-2fcef2baaa51,Men's,114,86.0,0
7a0a5946-601b-4919-858d-8e3667bd4f77,Women's,60,50.0,0
7a806e55-76b1-406f-b870-2ed511dccdc9,Men's,120,54.0,0
7f46ff27-3043-4e9f-bdc5-c97c8b590e83,Men's,30,18.0,0
7f57a645-a475-4ec7-9b29-0b7812a9931d,Men's,120,,1
7f57a645-a475-4ec7-9b29-0b7812a9931d,Men's 40+,480,414.0,0
808e72ea-16d9-41ac-88af-cdc80de35aa4,Women's,100,100.0,0
83c9faf7-5bd4-4e29-84c2-c2d809c9235b,Men's,700,408.0,1
84bbf8bb-72b8-4471-bb81-4899711ae519,Women's,90,75.0,0
86de48da-644d-40da-9978-08b3b06f6cd6,Men's,120,,1
870d9d70-99b8-453a-8f6f-5d5fc1279646,Men's,20,18.0,0
8730ad11-d9e2-4028-bd65-065e792eee00,Men's,60,60.0,0
87abe235-1461-4646-936a-96f9332bf256,Men's,160,150.0,0
888d1ad6-14e8-4deb-92d1-40d24f2cb4f1,Men's,42,23.0,0
8896ebce-7533-4862-a50a-1b22d9ee07fd,Women's,36,30.0,0
8999c06a-bd38-4d01-bfa6-016c506be79d,Men's,12,9.0,0
8b01652a-7f96-41a5-9402-e3404a390669,Men's,20,9.0,0
8b41cccf-1066-4688-b02b-cdc037ee1430,Men's,160,150.0,0
8b59dc20-8434-4323-9df5-72b9bcb10d6b,Men's,18,9.0,0
8d79c420-b857-43a4-848f-c52aa91153e7,Men's,21,14.0,0
92c80f2d-5dc8-4614-b205-953fbef21e55,Men's,9,5.0,0
975f7879-28fb-4394-b703-b224787487bf,Men's,18,9.0,0
9809aae4-939b-4443-9dd8-bfe1d06ca943,Men's,50,42.0,0
9db40aca-2be2-4bdd-b807-02ad8bb8bf77,Men's,3280,2760.0,0
9f517b47-d5b5-40bf-b85e-7f0f4f5d3a31,Women's,60,50.0,0
a0b09769-2ade-400c-ad97-c3f1d6ada866,Men's,20,9.0,0
a57ef4ab-a62e-4b71-a4d2-0f267dea2626,Men's,2820,2400.0,0
a66e6971-acb3-41a9-afd1-95c516c348ea,Men's,90,78.0,0
a66e6971-acb3-41a9-afd1-95c516c348ea,Men's 40+,160,108.0,0
a7157d78-91c3-4c0a-9444-a4e402f56e73,Men's,180,108.0,0
a74d7503-db0f-4bca-a110-dd6096dd51a3,Men's,32,14.0,0
a7782cc0-4fe4-4e19-a563-237bb9090168,Men's,20,18.0,0
a7d52a88-016f-4920-b7e4-d1389cef635c,Women's,30,30.0,0
a8725d43-8928-4958-ace6-183c3a63c538,Women's,2320,2160.0,0
a8f6711d-8415-49af-afc4-f8f9a3913a3e,Women's,300,266.0,0
a9d1cebf-249f-4801-ac1c-dc757ebd99a3,Men's,880,378.0,2
ab58ef43-8f50-4f4e-a45b-1087ae59ee35,Men's,33,18.0,0
acfa1b86-681a-4b86-91f3-09eba5e486f5,Men's,9,5.0,0
ad7a226c-306a-42ae-ad22-7cdd8beb4077,Men's,20,9.0,0
b0ab65aa-1c74-4f18-943e-2e151c440ef4,Men's,300,108.0,1
b1c844a3-4542-40b3-8abc-7bd5de93f10b,Men's,18,9.0,0
b4c1f987-ed1c-41b2-bed1-839e3b47d5ff,Men's,120,,1
b4c1f987-ed1c-41b2-bed1-839e3b47d5ff,Men's 40+,720,630.0,0
b5542378-9f9f-457b-a71a-d59aef310080,Men's,15,9.0,0
b90b8354-8c54-43e4-9ff4-e064e26f5d51,Men's,120,,1
ba0bebb9-bb83-4bfc-9c39-a96387beae44,Women's,60,50.0,0
bb9f96a3-0f86-46a8-8484-3d7057fcca01,Men's,54,43.0,0
bf973053-492f-4dca-a909-7310fa8693f9,Men's,720,600.0,1
c02126c6-4418-4f24-8895-867c3e3c89c2,Women's,2320,2160.0,0
c1023ad9-075c-47e5-b684-c5bdb4bbf31a,Men's,30,18.0,0
c6ad7320-117c-4e7a-a4a6-e4c99fb34e23,Men's 40+,1600,1500.0,0
c8c5d555-7efd-4029-bcb6-0973f8bb4e97,Men's,20,18.0,0
cc2048b8-ce98-46c7-9918-b3dbdf5b0385,Men's,86,50.0,0
ccedebb9-64af-42b4-bca1-e01d0b2c1ef5,Women's,36,30.0,0
cdd858a3-1533-4a7b-bf8b-1b94f0f3b868,Men's,520,108.0,3
ce749702-5f83-4cd5-b821-45aeaf7f9848,Men's,150,113.0,0
cebed5c0-9f8f-4458-aaa4-0ee2b6f25f10,Men's,40,36.0,0
cf8b7d94-b472-4c15-b10e-a112da1d3143,Women's,96,90.0,0
d0b763e8-69c1-496a-8a5f-5802e4f9eb88,Men's,15,9.0,0
d1274dd2-48b5-46b9-9049-6a6bcc38fd2e,Men's,480,270.0,0
d4d1cf44-7849-4baa-b956-c56e4613995b,Men's,60,60.0,0
d4d1cf44-7849-4baa-b956-c56e4613995b,Men's 40+,540,468.0,0
d53736bd-2d26-4977-9d4f-edb8ddc49ffb,Men's,300,104.0,1
d647ebc2-b81c-41ed-a991-3bdac08e4f0b,Men's,9,5.0,0
d7b11e8a-e252-4721-9b62-227fb11e43c2,Women's,520,468.0,0
d7b4cb8b-ad06-471e-a741-5873a52775a5,Men's,18,9.0,0
db4244f2-196a-41e4-bd02-f90ae3ea565b,Men's,150,72.0,0
dbd6997d-2211-4a51-9d0e-0676e2966060,Women's,30,25.0,0
ddb10849-80d7-4445-a21f-8b51010f3dee,Men's,30,18.0,0
e190ca21-bb25-46b3-965e-bcb2ffcc3fd3,Women's,760,684.0,0
e3869e84-3ac2-4379-98af-296be1b0d317,Men's,24,14.0,0
e4099cdf-1b05-4993-afa7-214dcbc071b1,Men's,52,23.0,0
e8a4f77d-e880-4d53-b392-51dc1255d7cf,Women's,20,18.0,0
e8bb7691-632b-4e35-afe3-cad46e672610,Men's,32,18.0,0
e9aef618-db1c-42e9-a0ed-c3050a376e4f,Men's,1220,696.0,2
ea36ad45-24c2-4b1d-b812-8ebcf72eb5b2,Men's,100,100.0,0
ea8745f7-50a3-4a17-ae4e-5d13d042ceb4,Women's,336,296.0,0
f075566a-ec58-4d8e-b389-4380d75fba34,Women's,40,36.0,0
f20c5650-e73d-4731-a1b5-5b89be6d623d,Men's,90,66.0,0
f2db3b3d-1aef-4968-a928-0797453d1f8b,Women's,18,9.0,0
f4728606-c9b2-4973-b3b5-68149311c1bc,Women's,108,99.0,0
f5dad384-ffe0-451a-8d85-b6deaa46885b,Women's,124,118.0,0
f890ec3e-8c23-439c-9ea1-cbb778891771,Men's,9,5.0,0
facc6960-33ef-4c75-ab10-4a2a8ad00b6c,Men's,9,5.0,0
fb63a62c-b1a0-4af6-b540-9ba4ba276976,Men's,41,32.0,0
fc6dc5ba-b4e3-4b91-983b-fdfb62b164f5,Men's,12,5.0,0
fdb26ab4-790d-4401-8a7d-80b071cd0b6b,Men's,20,18.0,0
fdd501f4-fc04-4991-b817-c6464e1ac492,Men's,60,50.0,0
ffcf99be-96dd-434c-984f-70de62a8348d,Men's,15,9.0,0
ranked-aakash-sachdev,Men's 40+,480,270.0,0
ranked-aalap-sharma,Men's,24,18.0,0
ranked-aanchal-vijan,Women's,12,9.0,0
ranked-aarav-jain,Men's,18,9.0,0
ranked-aarav-mehta,Men's,160,90.0,0
ranked-aarti-pandit,Women's,400,366.0,0
ranked-aarush-sharma,Men's,24,18.0,0
ranked-aashay-doshi,Men's,30,18.0,0
ranked-aasim-attarwala,Men's,30,25.0,0
ranked-abdul-haadi,Men's,20,9.0,0
ranked-abedin-sham,Men's 40+,480,432.0,0
ranked-abhijeet-kaji,Men's,58,45.0,0
ranked-abhijith-s,Men's,20,9.0,0
ranked-abhinn-kothari,Men's,15,9.0,0
ranked-abhishek-bharara,Men's,12,5.0,0
ranked-abir-sharma,Men's,18,15.0,0
ranked-adarsh-hegde,Men's,9,5.0,0
ranked-adil-kalyanpur,Men's,1020,888.0,0
ranked-aditya-bakshi,Men's,600,396.0,0
ranked-aditya-berry,Men's,18,9.0,0
ranked-aditya-doshi,Men's,40,36.0,0
ranked-aditya-khilnani,Men's,12,5.0,0
ranked-aditya-kumar,Men's,18,9.0,0
ranked-adnan-attarwala,Men's,9,5.0,0
ranked-agisilaos-demetriades,Men's,9,9.0,0
ranked-akash-mahna,Men's,36,30.0,0
ranked-akhil-agarwal,Men's,30,18.0,0
ranked-akshay-popawala,Men's,12,5.0,0
ranked-aksshaye-singhania,Men's,360,162.0,0
ranked-alexander-markos,Men's,24,18.0,0
ranked-ali-uvais,Men's,24,18.0,0
ranked-alia-bhatt,Women's,12,9.0,0
ranked-alisha-chauhan,Women's,120,108.0,0
ranked-alisha-gandhi,Women's,9,5.0,0
ranked-amal-hosangady,Men's,120,,1
ranked-aman-jain,Men's,15,9.0,0
ranked-amanvir-patel,Men's,18,9.0,0
ranked-amay-merchant,Men's,300,162.0,0
ranked-amit-lala,Men's 40+,240,216.0,0
ranked-amogha-shettar,Women's,24,18.0,0
ranked-anant-khaitan,Men's,15,9.0,0
ranked-aneesh-sanghai,Men's,1000,558.0,1
ranked-angad-dev-singh,Men's,30,18.0,0
ranked-angadveer-s,Men's,18,9.0,0
ranked-aniket-nathvani,Men's,120,,1
ranked-aniket-patel,Men's,180,108.0,0
ranked-anosh-paghdiwalla,Men's,20,9.0,0
ranked-ansh-shah,Men's,36,30.0,0
ranked-anshuka-parwani,Women's,12,9.0,0
ranked-anuj-rakyan,Men's,36,30.0,0
ranked-anuj-vagha,Men's,64,28.0,0
ranked-anurag-barmecha,Men's,18,9.0,0
ranked-anurag-rao,Men's,160,108.0,0
ranked-anushka-doshi,Women's,18,15.0,0
ranked-arhaan-shah,Men's,48,34.0,0
ranked-arihant-jhaveri,Men's,15,9.0,0
ranked-arjun-agarwal,Men's,240,,2
ranked-arjun-kochhar,Men's,1060,594.0,1
ranked-arjun-krisson,Men's,24,18.0,0
ranked-arjun-melwani,Men's,50,50.0,0
ranked-arjun-shah,Men's,420,216.0,0
ranked-arnav-ghai,Men's,18,9.0,0
ranked-arohi-choksi,Women's,40,36.0,0
ranked-arsh-jairath,Men's,15,9.0,0
ranked-arshay-jain,Men's,15,9.0,0
ranked-arun-chery,Men's,60,50.0,0
ranked-arundhati-sheth,Women's,18,9.0,0
ranked-aryan-budhiraja,Men's,15,9.0,0
ranked-aryan-sanghvi,Men's,30,18.0,0
ranked-ashish-kumar,Men's,20,9.0,0
ranked-atiff-bham,Men's,50,50.0,0
ranked-aurangzeb-anabagil,Men's,20,9.0,0
ranked-austin-varghese,Men's,240,216.0,0
ranked-avinash-mansukhani,Men's,38,18.0,0
ranked-ayush-grover,Men's,60,60.0,0
ranked-ayushi-mukhopadhyay,Women's,24,18.0,0
ranked-bhanu-arora,Men's,24,18.0,0
ranked-bharat-singh,Men's,9,5.0,0
ranked-bhargav-kodali,Men's,30,30.0,0
ranked-bhishma-desai,Men's,36,30.0,0
ranked-chait-advani,Men's,18,9.0,0
ranked-chirag-pangoriya,Men's,32,14.0,0
ranked-cyrus-aga,Men's 40+,180,108.0,0
ranked-dashrath-somashekar,Men's,12,9.0,0
ranked-deeksha-kumar,Women's,40,36.0,0
ranked-deepak-chugh,Men's,150,72.0,0
ranked-deepak-jaitly,Men's 40+,240,216.0,0
ranked-dev-mehta,Men's,18,15.0,0
ranked-dev-singh,Men's,20,9.0,0
ranked-devrath-sagar,Men's,60,60.0,0
ranked-dhruv-chugh,Men's,100,100.0,0
ranked-dhruv-nath,Men's,9,5.0,0
ranked-dhruv-sanghai,Men's,96,75.0,0
ranked-diya-sanghi,Women's,296,238.0,0
ranked-diyaan-chheda,Men's,120,,1
ranked-ekta-phadke,Women's,9,5.0,0
ranked-eran-sai-teja,Men's,40,36.0,0
ranked-francina-thompson,Women's,18,9.0,0
ranked-gaurav-d,Men's,18,9.0,0
ranked-govind-mohan,Men's,120,54.0,0
ranked-gurangad-malik,Men's,30,18.0,0
ranked-hardik-vardhan,Men's,30,14.0,0
ranked-harsh-chauhan,Men's,15,9.0,0
ranked-harsh-keswani,Men's,15,9.0,0
ranked-harsh-seth,Men's,18,15.0,0
ranked-harshal-rukhaiyar,Men's,120,,1
ranked-himanshu-mali,Men's,360,54.0,2
ranked-hussain-badri,Men's,240,,2
ranked-inder-prakash-khatri,Men's,20,9.0,0
ranked-ishaan-maitreya,Men's,50,50.0,0
ranked-jaanav-reddy,Men's,30,25.0,0
ranked-jagriti-choudhary,Women's,66,45.0,0
ranked-jash-shah,Men's,18,9.0,0
ranked-jasmer-kapany,Men's,460,216.0,1
ranked-jason-varghese,Men's,30,18.0,0
ranked-jay-dalal,Men's,120,,1
ranked-jeet-desai,Men's,50,50.0,0
ranked-jenai-bilimoria,Women's,2452,2285.0,0
ranked-jigar-doshi,Men's,20,9.0,0
ranked-joseph-palal,Men's,18,9.0,0
ranked-josh-bhasin,Men's,280,108.0,1
ranked-k-k-cherian,Men's,18,9.0,0
ranked-kabbir-sukhwani,Men's,40,36.0,0
ranked-kamran-attarwala,Men's,9,5.0,0
ranked-kannan-rahul,Men's,9,5.0,0
ranked-karan-bhangay,Men's,9,5.0,0
ranked-karan-goenka,Men's,36,30.0,0
ranked-karan-melwani,Men's 40+,240,216.0,0
ranked-karan-parekh,Men's,60,60.0,0
ranked-karan-singh,Men's,12,9.0,0
ranked-karishma-singhal,Women's,20,18.0,0
ranked-karn-shukla,Men's,18,15.0,0
ranked-karthikeyan-polavarapu,Men's,30,30.0,0
ranked-kashish-malkani,Men's,44,27.0,0
ranked-kashyap-ashok,Men's,180,108.0,0
ranked-keenan-tham,Men's,24,18.0,0
ranked-kismet-singh,Women's,30,30.0,0
ranked-krishna-chawla,Men's,12,5.0,0
ranked-krishna-daryanani,Men's,12,9.0,0
ranked-lakshya-sood,Women's,24,18.0,0
ranked-lokesh-pun,Men's,60,60.0,0
ranked-madhav-kotak,Men's,12,5.0,0
ranked-maithili-parikh,Women's,12,9.0,0
ranked-maitreyi-parikh,Women's,50,50.0,0
ranked-manav-peshwani,Men's,160,108.0,0
ranked-mangesh-iname,Men's,30,30.0,0
ranked-manik-oberoi,Men's,18,9.0,0
ranked-mankaran-talwar,Men's,24,18.0,0
ranked-matt-shaw,Men's,18,9.0,0
ranked-medhansh-nagpal,Men's,20,9.0,0
ranked-megh-patel,Men's,180,108.0,0
ranked-milla-rae,Women's,18,9.0,0
ranked-mir-mehta,Men's,40,36.0,0
ranked-mohammed-junaid,Men's,9,5.0,0
ranked-mohammed-rushnaiwala,Men's,30,18.0,0
ranked-mohammed-talha-gigani,Men's,32,14.0,0
ranked-mohit-dahiya,Men's,120,,1
ranked-mrinalini-pandit,Women's,9,5.0,0
ranked-mudit-sanghavi,Men's,20,9.0,0
ranked-muhammed-hussain,Men's,9,5.0,0
ranked-muhammed-miras,Men's,120,,1
ranked-muhsin-abdulrahiman,Men's,18,9.0,0
ranked-nandish-vasa,Men's,20,9.0,0
ranked-nasir-masood,Men's,36,30.0,0
ranked-neeraj-janthly,Men's,9,5.0,0
ranked-neil-kadakia,Men's,108,77.0,0
ranked-neil-walter,Men's,24,18.0,0
ranked-nihal-hemdev,Men's,15,9.0,0
ranked-nihal-warawdekar,Men's,18,9.0,0
ranked-nikhil-sahni,Men's,12,9.0,0
ranked-nishant-walimbe,Men's,9,5.0,0
ranked-nivaan-choksi,Men's,18,9.0,0
ranked-param-jain,Men's,18,9.0,0
ranked-parth-jindal,Men's,120,,1
ranked-pooja-bhansali,Women's,9,5.0,0
ranked-pooja-jain,Women's,9,5.0,0
ranked-pooja-shetty,Women's,18,15.0,0
ranked-poojan-dodhiya,Men's,18,9.0,0
ranked-prabh-sifat-kaur,Women's,20,18.0,0
ranked-pranav-mehra,Men's,9,5.0,0
ranked-pranav-uppal,Men's,9,5.0,0
ranked-pranav-vakharia,Men's,68,36.0,0
ranked-prasham-mody,Men's,120,54.0,0
ranked-pratap-pandit,Men's,20,9.0,0
ranked-prateek-mago,Men's,15,9.0,0
ranked-pratik-kalaria,Men's,9,5.0,0
ranked-praveen-pundareekaksha,Men's,20,9.0,0
ranked-priyanka-boghani,Women's,364,334.0,0
ranked-pulkit-khurana,Men's,20,9.0,0
ranked-purav-raja,Men's,700,486.0,0
ranked-rabiya-gill,Women's,40,36.0,0
ranked-rachit-motani,Men's,30,18.0,0
ranked-radha-sadhra,Women's,240,216.0,0
ranked-radhika-kanitkar,Women's,240,216.0,0
ranked-raghav-agarwal,Men's,120,,1
ranked-rahil-fazelbhoy,Men's,12,5.0,0
ranked-rahul-joseph,Men's,20,9.0,0
ranked-rahul-mammen,Men's,18,9.0,0
ranked-rahul-nahar,Men's,18,9.0,0
ranked-rahul-sayal,Men's,18,9.0,0
ranked-raiyan-moidu,Men's,20,9.0,0
ranked-raj-shah,Men's,15,9.0,0
ranked-raj-sheth,Men's,30,18.0,0
ranked-ranbir-singh,Men's,42,27.0,0
ranked-rashi-mehta,Women's,220,168.0,0
ranked-rhea-rajan,Women's,24,18.0,0
ranked-richa-singhi,Women's,9,5.0,0
ranked-riddhi-kapadia,Women's,134,128.0,0
ranked-rishabh-nayyar,Men's,9,5.0,0
ranked-rishi-lilani,Men's,18,9.0,0
ranked-rishi-reddy,Men's,1020,888.0,0
ranked-riyan-shetty,Men's,9,5.0,0
ranked-rohaan-dalwani,Men's,66,41.0,0
ranked-rohan-ahuja,Men's,54,36.0,0
ranked-rohan-mammen,Men's,24,18.0,0
ranked-rohan-sadarangani,Men's,12,5.0,0
ranked-rohan-seolekar,Men's,32,27.0,0
ranked-rohin-gajree,Men's,58,45.0,0
ranked-ronnie-fernandes,Men's,12,5.0,0
ranked-ronnie-fernandes,Men's 40+,180,108.0,0
ranked-rudy-maheshwari,Men's,18,9.0,0
ranked-rushil-john,Men's,20,9.0,0
ranked-rutvik-kalaria,Men's,9,5.0,0
ranked-saakshi-vithalani,Women's,9,5.0,0
ranked-saba-ahmed,Women's,12,9.0,0
ranked-sachiv-sharath,Men's,18,15.0,0
ranked-sahil-sahgal,Men's,40,36.0,0
ranked-sai-saran,Men's,40,36.0,0
ranked-sameer-ahammed,Men's,120,,1
ranked-samriti-punyani,Women's,100,100.0,0
ranked-sanat-goyal,Men's,36,30.0,0
ranked-sandeep-sanjay-chawla,Men's,40,36.0,0
ranked-sanketh-prakash,Men's,9,5.0,0
ranked-sanyam-mittal,Men's,30,24.0,0
ranked-sarfraz-farooquee,Men's,9,5.0,0
ranked-sathish-kumar-p,Men's,20,9.0,0
ranked-satyavrat-rana,Men's,24,18.0,0
ranked-shagun-gupta,Women's,30,25.0,0
ranked-shakti-ruia,Men's,20,9.0,0
ranked-shanaya-naik,Women's,240,216.0,0
ranked-shashank-narde,Men's,760,480.0,1
ranked-shashwat-jain,Men's,18,9.0,0
ranked-shiva-datwani,Men's,20,9.0,0
ranked-shivin-sardana,Men's,18,9.0,0
ranked-shloka-ambani,Women's,24,18.0,0
ranked-shreya-dugar,Men's,12,5.0,0
ranked-shreyas-krishnaswamy,Men's,9,5.0,0
ranked-shruti-jain,Women's,12,9.0,0
ranked-shruti-ugrankar,Women's,24,18.0,0
ranked-shyam-utamsingh,Men's,400,108.0,2
ranked-sid-k,Men's,24,18.0,0
ranked-siddhanth-shah,Men's,36,30.0,0
ranked-siddharth-abraham,Men's,60,50.0,0
ranked-siddharth-bhargava,Men's,18,9.0,0
ranked-siddharth-kothari,Men's,20,9.0,0
ranked-siddharth-sah,Men's,72,45.0,0
ranked-soli-colah,Men's,280,108.0,1
ranked-sonali-fabiani,Women's,9,5.0,0
ranked-sovin-hegde,Men's,12,5.0,0
ranked-sovin-hegde,Men's 40+,180,108.0,0
ranked-spiro-grana,Men's,24,18.0,0
ranked-suhrid-thacker,Men's,20,9.0,0
ranked-suraj-bishoni,Men's,12,5.0,0
ranked-suraj-sadanah,Men's,94,71.0,0
ranked-surbhi-dalmia,Women's,60,50.0,0
ranked-suyash-goenka,Men's,18,9.0,0
ranked-sweta-zaveri,Women's,12,9.0,0
ranked-tanish-bajaj,Men's,40,36.0,0
ranked-tasveer-libra,Women's,20,18.0,0
ranked-tejas-raju,Men's,30,25.0,0
ranked-thejal-kr,Men's,30,18.0,0
ranked-thomas-jacob,Men's,60,50.0,0
ranked-trisha-aggarwal,Women's,24,18.0,0
ranked-tushar-raut,Men's 40+,180,108.0,0
ranked-varoon-parwani,Men's,18,9.0,0
ranked-varun-motasha,Men's 40+,480,270.0,0
ranked-varun-ramani,Men's,18,9.0,0
ranked-vasudha-shah,Women's,88,81.0,0
ranked-ved-bidri,Men's,9,5.0,0
ranked-vihaan-anand,Men's,30,30.0,0
ranked-vikram-shah,Men's,1160,1032.0,0
ranked-viren-thakur,Men's,540,324.0,0
ranked-viren-thapar,Men's,30,18.0,0
ranked-vishal-jhunjhunwala,Men's,12,5.0,0
ranked-vishesh-hemwani,Men's,20,9.0,0
ranked-vishnu-h-n,Men's,18,9.0,0
ranked-vishnu-pullela,Men's,280,108.0,1
ranked-vivek-kotak,Men's,12,5.0,0
ranked-vivek-somani,Men's,9,5.0,0
ranked-vrithik-mehta,Men's,9,5.0,0
ranked-yash-halani,Men's,18,9.0,0
ranked-yash-merchant,Men's,15,9.0,0
ranked-yashodhan-goenka,Men's,12,9.0,0
ranked-yasmin-latiff,Women's,240,216.0,0
ranked-yesh-bafna,Men's,120,,1
ranked-yug-oberoie,Men's,30,18.0,0
ranked-zahaan-ladak,Men's,20,18.0,0
ranked-zaheer-adenwala,Men's 40+,120,54.0,0
ranked-ziva-andersson,Women's,18,9.0,0
