match_id,tournament_slug,division,round,team1,team2,winner,format,p_team1 | coin flip,p_team1 | points only,p_team1 | results only,p_team1 | points + results
5a6e8135-1120-484f-9a94-fe47f9ff2af7,ipt-goa-grandslam-11-0,Men's Beginner,C,Suvir Singh / Teyjas Chaudhary,Abhi Panchu / Mukund Muthanna,2.0,Race to 8,0.5,0.5,0.5,0.5
023505dd-5ab8-4e65-aba0-0592dafb0edc,ipt-goa-grandslam-11-0,Men's Beginner,C,Lokesh Chhabra / Vaibhav Malik,Rajat Jain / Pratik Makkar,1.0,Race to 8,0.5,0.5,0.5,0.5
70c06734-8d83-4448-affa-40230fe2e303,ipt-goa-grandslam-11-0,Men's Beginner,C,Suvir Singh / Teyjas Chaudhary,Rajat Jain / Pratik Makkar,1.0,Race to 8,0.5,0.5,0.5,0.5
6dfe2560-c197-4734-b1e3-19cf36b5f2c7,ipt-goa-grandslam-11-0,Men's Beginner,C,Lokesh Chhabra / Vaibhav Malik,Abhi Panchu / Mukund Muthanna,2.0,Race to 8,0.5,0.5,0.5,0.5
d67ecd0d-5e2b-4463-86e2-dca1ea40b632,ipt-goa-grandslam-11-0,Men's Beginner,C,Suvir Singh / Teyjas Chaudhary,Lokesh Chhabra / Vaibhav Malik,1.0,Race to 8,0.5,0.5,0.5,0.5
7e5d0998-c7f4-494b-ab9a-3f10bc3c88dc,ipt-goa-grandslam-11-0,Men's Beginner,C,Rajat Jain / Pratik Makkar,Abhi Panchu / Mukund Muthanna,2.0,Race to 8,0.5,0.5,0.5,0.5
22f85a7b-2e42-4deb-a2b6-25ccc1a8d0e6,ipt-goa-grandslam-11-0,Men's Beginner,A,Shaan Shah / Kushe Bahl,Udhay Mahajan / Mayank Oberoi,2.0,Race to 8,0.5,0.7325013206581125,0.49207015347926053,0.7330350638225378
efcba6b9-d4dc-41fa-be2c-706d9c1bd18f,ipt-goa-grandslam-11-0,Men's Beginner,A,Divy Kothari / Priynash Kothari,Aarman Kler / Angad Puar,2.0,Race to 8,0.5,0.5,0.5,0.5
9d3bb892-88a7-4473-bf5c-0c15847d9313,ipt-goa-grandslam-11-0,Men's Beginner,B,Gautam Kaushal / Aman Goyal,Vijay Aakash Nemakal / Shashank Tiwari,1.0,Race to 8,0.5,0.6519630108414926,0.5,0.6647734142267755
c7edbd2f-c4a5-4c2a-95c6-b2ecfc53c079,ipt-goa-grandslam-11-0,Men's Beginner,B,Sahil Dhingra / Maurya Nagpal,Rayaprolu Sagar / Gopi Reddy,1.0,Race to 8,0.5,0.5,0.5,0.5
8602e476-85db-47c3-962e-b393d1a8e328,ipt-goa-grandslam-11-0,Men's Beginner,A,Shaan Shah / Kushe Bahl,Aarman Kler / Angad Puar,2.0,Race to 8,0.5,0.7325013206581125,0.49207015347926053,0.7330350638225378
84c5b5b0-306a-4212-871a-365c1df1a5c1,ipt-goa-grandslam-11-0,Men's Beginner,A,Divy Kothari / Priynash Kothari,Udhay Mahajan / Mayank Oberoi,2.0,Race to 8,0.5,0.5,0.5,0.5
0ce933b4-45a7-4579-ac15-f72d346136db,ipt-goa-grandslam-11-0,Men's Beginner,B,Gautam Kaushal / Aman Goyal,Rayaprolu Sagar / Gopi Reddy,1.0,Race to 8,0.5,0.6519630108414926,0.5,0.6647734142267755
97ba3dcc-c68a-493d-b433-7a3f07ffddfb,ipt-goa-grandslam-11-0,Men's Beginner,B,Sahil Dhingra / Maurya Nagpal,Vijay Aakash Nemakal / Shashank Tiwari,2.0,Race to 8,0.5,0.5,0.5,0.5
1b9cb0fa-206d-4384-b6d6-9d85e2252487,ipt-goa-grandslam-11-0,Men's Beginner,A,Shaan Shah / Kushe Bahl,Divy Kothari / Priynash Kothari,1.0,Race to 8,0.5,0.7325013206581125,0.49207015347926053,0.7330350638225378
8a11eaf3-df4f-45e6-abcb-563f66dd48da,ipt-goa-grandslam-11-0,Men's Beginner,A,Aarman Kler / Angad Puar,Udhay Mahajan / Mayank Oberoi,2.0,Race to 8,0.5,0.5,0.5,0.5
fd7483c2-c4b1-4cc4-ae7b-b2f4d436c94d,ipt-goa-grandslam-11-0,Men's Beginner,B,Gautam Kaushal / Aman Goyal,Sahil Dhingra / Maurya Nagpal,1.0,Race to 8,0.5,0.6519630108414926,0.5,0.6647734142267755
cbc51c60-d05b-41de-b054-b3e10710bcb1,ipt-goa-grandslam-11-0,Men's Beginner,B,Vijay Aakash Nemakal / Shashank Tiwari,Rayaprolu Sagar / Gopi Reddy,1.0,Race to 8,0.5,0.5,0.5,0.5
1c9acab4-6a7a-49b4-b352-ca1abbbed6aa,ipt-goa-grandslam-11-0,Men's Beginner,D,Arnav Sanjeev / Sahil Kaushal,Shelton Mathew / Vishnu Shetty,1.0,Race to 8,0.5,0.5,0.5,0.5
d2b9d0e8-64b3-4da3-a540-b05d00b6923c,ipt-goa-grandslam-11-0,Men's Beginner,QF,Udhay Mahajan / Mayank Oberoi,Shelton Mathew / Vishnu Shetty,1.0,Race to 9,0.5,0.5,0.5,0.5
d988aeca-2e22-4d18-9741-7dd7fc2b394b,ipt-goa-grandslam-11-0,Men's Beginner,QF,Gautam Kaushal / Aman Goyal,Suvir Singh / Teyjas Chaudhary,2.0,Race to 9,0.5,0.6609433628541346,0.5,0.6744089896933997
bb6aea0d-a48b-49cb-b2cd-5dd38b7dfc6c,ipt-goa-grandslam-11-0,Men's Beginner,QF,Abhi Panchu / Mukund Muthanna,Vijay Aakash Nemakal / Shashank Tiwari,1.0,Race to 9,0.5,0.5,0.5,0.5
c7f7ab0a-3914-475f-ac77-6b8c1e2c7f84,ipt-goa-grandslam-11-0,Men's Beginner,QF,Arnav Sanjeev / Sahil Kaushal,Aarman Kler / Angad Puar,1.0,Race to 9,0.5,0.5,0.5,0.5
c296588d-6347-4bb1-918c-a8ba7fa65f96,ipt-goa-grandslam-11-0,Men's Beginner,SF,Udhay Mahajan / Mayank Oberoi,Arnav Sanjeev / Sahil Kaushal,2.0,Race to 9,0.5,0.5,0.5,0.5
19571ad1-a6e0-4e8c-845d-9d316b346519,ipt-goa-grandslam-11-0,Men's Beginner,SF,Suvir Singh / Teyjas Chaudhary,Abhi Panchu / Mukund Muthanna,2.0,Race to 9,0.5,0.5,0.5,0.5
e4f30ae8-b7db-4100-a100-a37ce259f47c,ipt-goa-grandslam-11-0,Men's Beginner,F,Arnav Sanjeev / Sahil Kaushal,Abhi Panchu / Mukund Muthanna,2.0,Best of 3 sets,0.5,0.5,0.5,0.5
e6d526fc-4eb5-4f30-8536-b24482c6fd9b,ipt-goa-grandslam-11-0,Men's Intermediate,C,Tejas Shevde / Nishad Shevde,Mikhail Mehra / Akshay Rai,1.0,Race to 8,0.5,0.3799662798578923,0.5,0.3696086927080583
db80f37c-293f-4942-9259-f686be89bae5,ipt-goa-grandslam-11-0,Men's Intermediate,C,Rishabh Kalokhe / Kriday Sethi,Sheehan Furtado / Arik Badami,1.0,Race to 8,0.5,0.5,0.5,0.5
5c2a8bf3-b051-470e-a893-b443f7e5a93d,ipt-goa-grandslam-11-0,Men's Intermediate,C,Tejas Shevde / Nishad Shevde,Sheehan Furtado / Arik Badami,1.0,Race to 8,0.5,0.5,0.5,0.5
7dd225a1-76ce-4dcb-b102-551b8cd04203,ipt-goa-grandslam-11-0,Men's Intermediate,C,Rishabh Kalokhe / Kriday Sethi,Mikhail Mehra / Akshay Rai,2.0,Race to 8,0.5,0.3799662798578923,0.5,0.3696086927080583
2129de25-2b68-4bda-b4b4-ff52efbca0ee,ipt-goa-grandslam-11-0,Men's Intermediate,C,Tejas Shevde / Nishad Shevde,Rishabh Kalokhe / Kriday Sethi,1.0,Race to 8,0.5,0.5,0.5,0.5
7a3d1d5f-5e2b-41d9-aece-6e1310543043,ipt-goa-grandslam-11-0,Men's Intermediate,C,Sheehan Furtado / Arik Badami,Mikhail Mehra / Akshay Rai,2.0,Race to 8,0.5,0.3799662798578923,0.5,0.3696086927080583
a9f98e2b-6049-4bda-9e40-6dc483a57e94,ipt-goa-grandslam-11-0,Men's Intermediate,E,Tanveer Singh / Gandharv Bajaj,Eshant Uppal / Sheriar Mazda,1.0,Race to 8,0.5,0.8180390903413722,0.5,0.8385187921306738
311a314a-912c-4f11-b2b8-1d104fc57962,ipt-goa-grandslam-11-0,Men's Intermediate,E,Suhail Kapur / Parth Bhatia,Prateek Gambhir / Yugantar Malhotra,2.0,Race to 8,0.5,0.5,0.5,0.5
b755397c-2a31-4642-8ec7-f5bfaa8c89db,ipt-goa-grandslam-11-0,Men's Intermediate,B,Rahul Chandwani / Rahul Khanna,Arjun Raju / Abhinav Grover,2.0,Race to 8,0.5,0.5961985032600138,0.5405547294405861,0.6119656636905942
bee905cc-e47d-4c29-b6d9-d925c36c8855,ipt-goa-grandslam-11-0,Men's Intermediate,B,R S Abhishek / Siddharth Satheesan,Sagar Patodia / Ronak Bhojani,1.0,Race to 8,0.5,0.5,0.5,0.5
dd3b1951-91df-4dc3-afed-c00cff51bc0a,ipt-goa-grandslam-11-0,Men's Intermediate,F,Mehul Bansal / Vaibhav Sahni,Mayank Daga / Shikhar Kumar,1.0,Race to 8,0.5,0.46665756570370337,0.5,0.4636812826094377
f7cadaf6-ba89-4418-aea4-d9dd92e7c127,ipt-goa-grandslam-11-0,Men's Intermediate,F,Yashvardhan Sarda / Suyash Vishnoi,Raghul Arvind / Tushar Jain,1.0,Race to 8,0.5,0.6568498037411653,0.4978671248808832,0.6741204845681957
dab0cf52-730f-4a9f-9478-fc59b57cd431,ipt-goa-grandslam-11-0,Men's Intermediate,E,Tanveer Singh / Gandharv Bajaj,Prateek Gambhir / Yugantar Malhotra,1.0,Race to 8,0.5,0.8180390903413722,0.5,0.8385187921306738
33f2aa08-01bc-4f86-9db2-4ee5b28d1e69,ipt-goa-grandslam-11-0,Men's Intermediate,E,Suhail Kapur / Parth Bhatia,Eshant Uppal / Sheriar Mazda,2.0,Race to 8,0.5,0.5,0.5,0.5
cfc9092d-1105-4510-a717-d1d9d7659bd7,ipt-goa-grandslam-11-0,Men's Intermediate,B,Rahul Chandwani / Rahul Khanna,Sagar Patodia / Ronak Bhojani,1.0,Race to 8,0.5,0.7366964222330472,0.5405547294405861,0.7607194192645248
071f1a8f-3954-462b-a65a-5533463922c6,ipt-goa-grandslam-11-0,Men's Intermediate,B,R S Abhishek / Siddharth Satheesan,Arjun Raju / Abhinav Grover,2.0,Race to 8,0.5,0.34803698915850745,0.5,0.33522658577322484
bda9fa26-bb02-40cb-a84d-75aff8122619,ipt-goa-grandslam-11-0,Men's Intermediate,F,Mehul Bansal / Vaibhav Sahni,Raghul Arvind / Tushar Jain,1.0,Race to 8,0.5,0.688791986710144,0.5,0.7041512878108995
17c5ad30-6d2e-4667-aa7f-b7ad341d6c42,ipt-goa-grandslam-11-0,Men's Intermediate,F,Yashvardhan Sarda / Suyash Vishnoi,Mayank Daga / Shikhar Kumar,2.0,Race to 8,0.5,0.43152928403852975,0.4978671248808832,0.4299401263455281
d78a8142-a587-4ecb-860f-d28fdb11ef60,ipt-goa-grandslam-11-0,Men's Intermediate,E,Tanveer Singh / Gandharv Bajaj,Suhail Kapur / Parth Bhatia,1.0,Race to 8,0.5,0.8180390903413722,0.5,0.8385187921306738
dbe39b7f-95c4-4779-9068-e4f6c7aecdb7,ipt-goa-grandslam-11-0,Men's Intermediate,E,Prateek Gambhir / Yugantar Malhotra,Eshant Uppal / Sheriar Mazda,2.0,Race to 8,0.5,0.5,0.5,0.5
0eaea3cc-08a6-48f1-9d3a-19a98bdeca74,ipt-goa-grandslam-11-0,Men's Intermediate,B,Rahul Chandwani / Rahul Khanna,R S Abhishek / Siddharth Satheesan,1.0,Race to 8,0.5,0.7366964222330472,0.5405547294405861,0.7607194192645248
d93ac3f6-2602-46e2-bd76-c9a34866b375,ipt-goa-grandslam-11-0,Men's Intermediate,B,Sagar Patodia / Ronak Bhojani,Arjun Raju / Abhinav Grover,2.0,Race to 8,0.5,0.34803698915850745,0.5,0.33522658577322484
4c8546dd-c950-4fae-a79a-df9f01fb2f63,ipt-goa-grandslam-11-0,Men's Intermediate,F,Mehul Bansal / Vaibhav Sahni,Yashvardhan Sarda / Suyash Vishnoi,1.0,Race to 8,0.5,0.5353906006709478,0.5021328751191168,0.5340222407227307
8965bf59-4412-474c-b76e-07eb745e1840,ipt-goa-grandslam-11-0,Men's Intermediate,F,Raghul Arvind / Tushar Jain,Mayank Daga / Shikhar Kumar,2.0,Race to 8,0.5,0.2823992031748965,0.5,0.2653107935374873
3f2ee009-7394-4f99-ab0e-158c79abbe04,ipt-goa-grandslam-11-0,Men's Intermediate,D,Raghav Bansal / Karan Bansal,Manan Gupta / Akshit Chaudhary,2.0,Race to 8,0.5,0.8180390903413722,0.5,0.8385187921306738
cfad9065-e732-4e0a-8e37-02317b378de5,ipt-goa-grandslam-11-0,Men's Intermediate,D,Ishan Maitreya / Anuj Vaghani,Punit Chawla / Sandeep Chawla,1.0,Race to 8,0.5,0.7291480351241257,0.6395083880936883,0.8601770136457657
03cf6a96-2f99-40d6-a062-a69b65972c4e,ipt-goa-grandslam-11-0,Men's Intermediate,A,Pratham Jain / Hritesh Agarwal,Tammineedi Jayanth / Vineeth Mutyala,2.0,Race to 8,0.5,0.7468481968131788,0.5,0.7653991104346656
4fb53d8c-9ab2-4d84-a608-fcf0cd1d8571,ipt-goa-grandslam-11-0,Men's Intermediate,A,Arjun Chalotra / Jatin Dhingra,Sharad Kanadje / Sidharth Gupta,2.0,Race to 8,0.5,0.6875196793944744,0.4216592020840001,0.6221181509835247
d83536ad-73e2-40d1-9895-d20602b7b3b6,ipt-goa-grandslam-11-0,Men's Intermediate,D,Raghav Bansal / Karan Bansal,Punit Chawla / Sandeep Chawla,1.0,Race to 8,0.5,0.8180390903413722,0.5,0.8385187921306738
3cbf936c-df75-4d85-8701-3f39fa15c76c,ipt-goa-grandslam-11-0,Men's Intermediate,D,Ishan Maitreya / Anuj Vaghani,Manan Gupta / Akshit Chaudhary,1.0,Race to 8,0.5,0.7291480351241257,0.6395083880936883,0.8601770136457657
30652006-4056-458a-bc9b-2e6b2f38339c,ipt-goa-grandslam-11-0,Men's Intermediate,A,Pratham Jain / Hritesh Agarwal,Sharad Kanadje / Sidharth Gupta,1.0,Race to 8,0.5,0.6406474672487689,0.4216592020840001,0.5677390799543603
344bd740-26bb-48fe-bd75-851df4f95462,ipt-goa-grandslam-11-0,Men's Intermediate,A,Arjun Chalotra / Jatin Dhingra,Tammineedi Jayanth / Vineeth Mutyala,2.0,Race to 8,0.5,0.7859758417123401,0.5,0.8059158709876767
1320c2f9-d0a4-4412-8894-28a7ec4c67a0,ipt-goa-grandslam-11-0,Men's Intermediate,D,Raghav Bansal / Karan Bansal,Ishan Maitreya / Anuj Vaghani,2.0,Race to 8,0.5,0.6180240102520929,0.36049161190631146,0.4624347604381446
a2d9fd31-bf5a-48c3-b8d3-5a5c3e2170f0,ipt-goa-grandslam-11-0,Men's Intermediate,D,Punit Chawla / Sandeep Chawla,Manan Gupta / Akshit Chaudhary,2.0,Race to 8,0.5,0.5,0.5,0.5
f9731eff-f696-4bd1-a454-0aace0df1c7e,ipt-goa-grandslam-11-0,Men's Intermediate,A,Pratham Jain / Hritesh Agarwal,Arjun Chalotra / Jatin Dhingra,1.0,Race to 8,0.5,0.4486782927363826,0.5,0.44411437123266717
55ff623c-f761-4929-bbcd-6f30d9a53b81,ipt-goa-grandslam-11-0,Men's Intermediate,A,Tammineedi Jayanth / Vineeth Mutyala,Sharad Kanadje / Sidharth Gupta,1.0,Race to 8,0.5,0.3799662798578923,0.4216592020840001,0.28970840063277925
aa3e59d6-bc58-4f54-a7cf-cf6454e989b7,ipt-goa-grandslam-11-0,Men's Intermediate,R16,Tammineedi Jayanth / Vineeth Mutyala,Rishabh Kalokhe / Kriday Sethi,1.0,Race to 8,0.5,0.5,0.5,0.5
6539ee95-bca8-4746-9a52-7ada24c658c2,ipt-goa-grandslam-11-0,Men's Intermediate,R16,Eshant Uppal / Sheriar Mazda,Manan Gupta / Akshit Chaudhary,1.0,Race to 8,0.5,0.5,0.5,0.5
55771c84-b310-4a48-88cb-c76eb6c352e1,ipt-goa-grandslam-11-0,Men's Intermediate,R16,Ishan Maitreya / Anuj Vaghani,R S Abhishek / Siddharth Satheesan,2.0,Race to 8,0.5,0.7291480351241257,0.6395083880936883,0.8601770136457657
b7b2aba6-9ae5-4584-8b84-a500502c2679,ipt-goa-grandslam-11-0,Men's Intermediate,R16,Tanveer Singh / Gandharv Bajaj,Pratham Jain / Hritesh Agarwal,2.0,Race to 8,0.5,0.5970207642561146,0.5,0.6055019749437124
1b46e45a-a836-408a-aa1d-8e76abac735e,ipt-goa-grandslam-11-0,Men's Intermediate,R16,Tejas Shevde / Nishad Shevde,Yashvardhan Sarda / Suyash Vishnoi,1.0,Race to 8,0.5,0.3431501962588347,0.5021328751191168,0.32587951543180466
7911d391-0ff8-4ecc-9489-832f6cac8b81,ipt-goa-grandslam-11-0,Men's Intermediate,R16,Mehul Bansal / Vaibhav Sahni,Rahul Chandwani / Rahul Khanna,2.0,Race to 8,0.5,0.4437528557726835,0.45944527055941387,0.4312158121633941
cbb39a90-11a5-4431-af3b-1433dd4d70b7,ipt-goa-grandslam-11-0,Men's Intermediate,R16,Mayank Daga / Shikhar Kumar,Mikhail Mehra / Akshay Rai,1.0,Race to 8,0.5,0.6067710283850414,0.5,0.6160568388206149
259f6412-478a-4092-b523-0259e613afff,ipt-goa-grandslam-11-0,Men's Intermediate,R16,Arjun Raju / Abhinav Grover,Prateek Gambhir / Yugantar Malhotra,2.0,Race to 8,0.5,0.6519630108414926,0.5,0.6647734142267755
29d731ef-362a-4e9c-94bb-ef1af289196e,ipt-goa-grandslam-11-0,Men's Intermediate,QF,Tammineedi Jayanth / Vineeth Mutyala,Eshant Uppal / Sheriar Mazda,1.0,Race to 9,0.5,0.5,0.5,0.5
af716ab2-fce5-4bdc-bf62-2f8c5c686ced,ipt-goa-grandslam-11-0,Men's Intermediate,QF,Tejas Shevde / Nishad Shevde,Rahul Chandwani / Rahul Khanna,1.0,Race to 9,0.5,0.25054819454173144,0.4569201888301313,0.2257539246393545
e879779d-50ab-4e02-ac2c-0339e4379b93,ipt-goa-grandslam-11-0,Men's Intermediate,QF,Mayank Daga / Shikhar Kumar,Prateek Gambhir / Yugantar Malhotra,1.0,Race to 9,0.5,0.7296351812571722,0.5,0.7473730454807581
dac45625-c3b1-4972-bae3-60f8443bc319,ipt-goa-grandslam-11-0,Men's Intermediate,QF,R S Abhishek / Siddharth Satheesan,Pratham Jain / Hritesh Agarwal,2.0,Race to 9,0.5,0.24005084428487844,0.5,0.22094350640485694
5e145ccb-1942-4e0b-a55a-6af86716c1d1,ipt-goa-grandslam-11-0,Men's Intermediate,SF,Tammineedi Jayanth / Vineeth Mutyala,Pratham Jain / Hritesh Agarwal,1.0,Best of 3 sets,0.5,0.22365906112302497,0.5,0.20410242581691246
170fb77e-07e5-4678-a2db-5eaa5634560e,ipt-goa-grandslam-11-0,Men's Intermediate,SF,Tejas Shevde / Nishad Shevde,Mayank Daga / Shikhar Kumar,1.0,Best of 3 sets,0.5,0.255009663324443,0.5,0.2366198476553906
72aaa95a-7430-4340-afd9-b130eb060e79,ipt-goa-grandslam-11-0,Men's Intermediate,F,Tammineedi Jayanth / Vineeth Mutyala,Tejas Shevde / Nishad Shevde,1.0,Best of 3 sets,0.5,0.5,0.5,0.5
7e7dfc0e-4dcc-4881-8863-5b1478af6f81,ipt-goa-grandslam-11-0,Men's Advance,D,Jasmer Kapany / Paramveer Bajwa,Aakash Lalith / Famaz Shanavas,1.0,Race to 8,0.5,0.9566164920205142,0.5773230499140377,0.9777966100510754
e9e00272-de4a-4285-817f-9f1219455e26,ipt-goa-grandslam-11-0,Men's Advance,D,Saish Shelar / Mihir Akolkar,Pranay Merchant / Piyush Bansal,1.0,Race to 8,0.5,0.9069068058656451,0.4119696455282996,0.8904586436487958
28d43da7-156c-4429-82cc-17339629ca71,ipt-goa-grandslam-11-0,Men's Advance,C,Rahul Motwani / Ishaan Choubal,Ziaan Talab / Madhu Samtani,1.0,Race to 8,0.5,0.8658626400589763,0.5484733201953738,0.8867953690877353
d77456ac-b6c2-4207-876b-24c616c5ef37,ipt-goa-grandslam-11-0,Men's Advance,C,Advait Bahl / Bhagya Popat,Arjun Jashani / Tanay Mehta,2.0,Race to 8,0.5,0.7455498055692708,0.3617412084032885,0.5444989672839071
80f4de2a-aab9-45f2-a8c6-a26c37367454,ipt-goa-grandslam-11-0,Men's Advance,D,Jasmer Kapany / Paramveer Bajwa,Pranay Merchant / Piyush Bansal,1.0,Race to 8,0.5,0.9566164920205142,0.5773230499140377,0.9777966100510754
5ae7c355-5678-4e3a-a1b6-3b83dba54478,ipt-goa-grandslam-11-0,Men's Advance,D,Saish Shelar / Mihir Akolkar,Aakash Lalith / Famaz Shanavas,1.0,Race to 8,0.5,0.9069068058656451,0.4119696455282996,0.8904586436487958
0dac1cd3-58d7-486b-8b08-a6ad5db34afe,ipt-goa-grandslam-11-0,Men's Advance,C,Rahul Motwani / Ishaan Choubal,Arjun Jashani / Tanay Mehta,1.0,Race to 8,0.5,0.8551885407854616,0.5607147106483288,0.8539637929649897
2d0e8143-5d63-41a8-b52d-58face782dae,ipt-goa-grandslam-11-0,Men's Advance,C,Advait Bahl / Bhagya Popat,Ziaan Talab / Madhu Samtani,2.0,Race to 8,0.5,0.7608939246985286,0.3502197547430661,0.6067796277507599
c30b70ec-7972-4541-803f-fa3ae0c7475c,ipt-goa-grandslam-11-0,Men's Advance,D,Jasmer Kapany / Paramveer Bajwa,Saish Shelar / Mihir Akolkar,1.0,Race to 8,0.5,0.6571990250583482,0.6617501807081205,0.7915384716229589
8fee54f0-cb79-4e44-b290-76234ee52b73,ipt-goa-grandslam-11-0,Men's Advance,D,Pranay Merchant / Piyush Bansal,Aakash Lalith / Famaz Shanavas,1.0,Race to 8,0.5,0.5,0.5,0.5
d6ec3e20-23c0-4d1a-a718-e7875e260b24,ipt-goa-grandslam-11-0,Men's Advance,C,Rahul Motwani / Ishaan Choubal,Advait Bahl / Bhagya Popat,1.0,Race to 8,0.5,0.6564581427287127,0.6936268536886339,0.8273002129644849
c56c1b31-a99c-41ba-888e-1cd12be4b4bb,ipt-goa-grandslam-11-0,Men's Advance,C,Arjun Jashani / Tanay Mehta,Ziaan Talab / Madhu Samtani,1.0,Race to 8,0.5,0.5195371094834523,0.48764053763841014,0.5632589689940473
ad55fa45-bd82-41fa-902e-071b3b821657,ipt-goa-grandslam-11-0,Men's Advance,B,Aryan Hemdev / Samar Malhotra,Ashish Khemlani / Arjun Gupta,1.0,Race to 8,0.5,0.8237154447135755,0.624089139531408,0.8694046518853409
27c9345c-d8c8-4e23-9b48-2563bc0f19f8,ipt-goa-grandslam-11-0,Men's Advance,B,Swaraj Deshmukh / Kaivalya Kalamse,Krishna Teja Ankam / Gundlapalle Yaswanth Reddy,1.0,Race to 8,0.5,0.9032125603921399,0.5487896914378682,0.9520002364889163
e4c89a40-e294-46b1-9f4e-5b9a05663f73,ipt-goa-grandslam-11-0,Men's Advance,A,Aditya Jagtap / Krishiv Patel,Varshil Trambadiya / Antariksh Mohandas,1.0,Race to 8,0.5,0.8121502380165015,0.6165476591787755,0.853462255782882
e6209649-2ce0-444f-8762-8ab90e327cba,ipt-goa-grandslam-11-0,Men's Advance,A,Adit Patel / Kavin Vendan,Karan Medappa / Shane Biddaiah,1.0,Race to 8,0.5,0.7996981270321497,0.5181020543993924,0.851855146138321
9e2d4aad-4632-4ac8-87eb-16ef4a6a06a4,ipt-goa-grandslam-11-0,Men's Advance,B,Aryan Hemdev / Samar Malhotra,Krishna Teja Ankam / Gundlapalle Yaswanth Reddy,1.0,Race to 8,0.5,0.9768583824020964,0.624089139531408,0.988350703758588
227b049a-4ea1-485d-9cbc-8d701e5027cb,ipt-goa-grandslam-11-0,Men's Advance,B,Swaraj Deshmukh / Kaivalya Kalamse,Ashish Khemlani / Arjun Gupta,1.0,Race to 8,0.5,0.5834318896101018,0.5487896914378682,0.6875378315640699
115f7420-1646-4104-bba4-9679f80c7c2e,ipt-goa-grandslam-11-0,Men's Advance,A,Aditya Jagtap / Krishiv Patel,Karan Medappa / Shane Biddaiah,1.0,Race to 8,0.5,0.9783824352047623,0.6068495408787523,0.9891967845147819
269f15b0-6e4a-431f-904a-50f70936517d,ipt-goa-grandslam-11-0,Men's Advance,A,Adit Patel / Kavin Vendan,Varshil Trambadiya / Antariksh Mohandas,2.0,Race to 8,0.5,0.36997151748133883,0.5281939290015563,0.39988275369255255
9c459e44-b2ba-4b3b-b57b-b1d4ce8ab7c5,ipt-goa-grandslam-11-0,Men's Advance,B,Aryan Hemdev / Samar Malhotra,Swaraj Deshmukh / Kaivalya Kalamse,1.0,Race to 8,0.5,0.764593025758239,0.5768154074923684,0.7389800996753417
76189941-f243-4a65-bbec-27c65975cf79,ipt-goa-grandslam-11-0,Men's Advance,B,Krishna Teja Ankam / Gundlapalle Yaswanth Reddy,Ashish Khemlani / Arjun Gupta,1.0,Race to 8,0.5,0.13696540512338265,0.5,0.11690561844805117
d81ae8bc-41ae-4634-83fc-619c77e3c65e,ipt-goa-grandslam-11-0,Men's Advance,A,Aditya Jagtap / Krishiv Patel,Adit Patel / Kavin Vendan,1.0,Race to 8,0.5,0.8872845011074415,0.5893100369276942,0.9031406914197683
50bea470-7911-4325-8336-4668a807a442,ipt-goa-grandslam-11-0,Men's Advance,A,Karan Medappa / Shane Biddaiah,Varshil Trambadiya / Antariksh Mohandas,2.0,Race to 8,0.5,0.12152812522773489,0.5101086014121095,0.09804977088245925
c9a9044a-141c-4ba4-be58-2f7158951ada,ipt-goa-grandslam-11-0,Men's Advance,QF,Aditya Jagtap / Krishiv Patel,Saish Shelar / Mihir Akolkar,1.0,Race to 9,0.5,0.7807301057706777,0.699842297967037,0.8820500142204414
fb360a00-46f6-4597-8c54-893506527979,ipt-goa-grandslam-11-0,Men's Advance,QF,Varshil Trambadiya / Antariksh Mohandas,Jasmer Kapany / Paramveer Bajwa,2.0,Race to 9,0.5,0.2749930286848594,0.4074353977778644,0.21368725620211523
31bff183-822e-4835-a19b-6500b9c61184,ipt-goa-grandslam-11-0,Men's Advance,QF,Aryan Hemdev / Samar Malhotra,Arjun Jashani / Tanay Mehta,1.0,Race to 9,0.5,0.9221919244584812,0.643886766240182,0.9397139339299658
65d6d075-f892-4b47-b01b-54582f53f795,ipt-goa-grandslam-11-0,Men's Advance,QF,Rahul Motwani / Ishaan Choubal,Swaraj Deshmukh / Kaivalya Kalamse,1.0,Race to 9,0.5,0.6794769705580725,0.49966125598589584,0.5939286965778354
25bc76f0-f261-4b44-8cc4-72215d17e881,ipt-goa-grandslam-11-0,Men's Advance,SF,Aditya Jagtap / Krishiv Patel,Jasmer Kapany / Paramveer Bajwa,1.0,Best of 3 sets,0.5,0.6455806949636176,0.5347945072403015,0.638058204210955
d877e631-33ef-4a50-bb5c-c01be47e1484,ipt-goa-grandslam-11-0,Men's Advance,SF,Aryan Hemdev / Samar Malhotra,Rahul Motwani / Ishaan Choubal,1.0,Best of 3 sets,0.5,0.6275272315007305,0.5882755194170357,0.6837679878879238
f5ba6f18-0b2c-41fa-bc27-af94a37b5767,ipt-goa-grandslam-11-0,Men's Advance,F,Aditya Jagtap / Krishiv Patel,Aryan Hemdev / Samar Malhotra,1.0,Best of 3 sets,0.5,0.5139436159206998,0.4793325259039326,0.5142351864128267
a98f84ae-51c7-4d1d-9e17-54713b9205d3,ipt-goa-grandslam-11-0,Men's 40+,B,Premal Javeri / Harshvardhan Sharma,Gagan Singh / Jonas Spinoy,1.0,Race to 8,0.5,0.5,0.5,0.5
c3320242-f26f-4712-8728-82f14bc3da9e,ipt-goa-grandslam-11-0,Men's 40+,B,Gagan Singh / Jonas Spinoy,Raj Prajapati / Ashwin Saksena,2.0,Race to 8,0.5,0.5,0.5,0.5
c9389643-dac4-4ae9-8dbb-5e89ec688736,ipt-goa-grandslam-11-0,Men's 40+,B,Raj Prajapati / Ashwin Saksena,Premal Javeri / Harshvardhan Sharma,2.0,Race to 8,0.5,0.5,0.5,0.5
2c1ee55d-2e7e-42e2-84e7-88ba0c2c8231,ipt-goa-grandslam-11-0,Men's 40+,A,Vijay Chhabria / Rupen Jhaveri,Saurav Kankaria / Nikhil Khemka,1.0,Race to 8,0.5,0.9735017996929234,0.5515918880071474,0.9863011428567209
353b85e8-c69c-4b37-90cb-7cf4cdfbc244,ipt-goa-grandslam-11-0,Men's 40+,A,Sandip Sabharwal / Saurabh Vijewargia,Karan Mehrotra / James Darbar,1.0,Race to 8,0.5,0.5,0.5,0.5
615dd833-6f0e-4af4-9c93-f1f8a261749d,ipt-goa-grandslam-11-0,Men's 40+,A,Vijay Chhabria / Rupen Jhaveri,Karan Mehrotra / James Darbar,1.0,Race to 8,0.5,0.9735017996929234,0.5515918880071474,0.9863011428567209
d7903731-3e77-4474-8c8c-2585961c5dfb,ipt-goa-grandslam-11-0,Men's 40+,A,Sandip Sabharwal / Saurabh Vijewargia,Saurav Kankaria / Nikhil Khemka,2.0,Race to 8,0.5,0.5,0.5,0.5
2187aa27-a0b8-47b4-96b6-b7bfda6acfed,ipt-goa-grandslam-11-0,Men's 40+,A,Vijay Chhabria / Rupen Jhaveri,Sandip Sabharwal / Saurabh Vijewargia,1.0,Race to 8,0.5,0.9735017996929234,0.5515918880071474,0.9863011428567209
08bbaa2c-1ca5-49ee-b723-6da4838c65d3,ipt-goa-grandslam-11-0,Men's 40+,A,Karan Mehrotra / James Darbar,Saurav Kankaria / Nikhil Khemka,2.0,Race to 8,0.5,0.5,0.5,0.5
95ff666f-ce1b-40f6-88d4-29553a62bf12,ipt-goa-grandslam-11-0,Men's 40+,B,Aditya Maheshwari / Akshay Jalan,Premal Javeri / Harshvardhan Sharma,1.0,Race to 8,0.5,0.9593683999173309,0.635778030725732,0.985532591441537
685a90e4-1abc-4493-9cc0-32a7d54ec64e,ipt-goa-grandslam-11-0,Men's 40+,B,Prabhas Sharma / Shashin Shah,Raj Prajapati / Ashwin Saksena,1.0,Race to 8,0.5,0.5,0.5,0.5
ebd82c19-21b3-4975-8cc0-f7996272d415,ipt-goa-grandslam-11-0,Men's 40+,B,Aditya Maheshwari / Akshay Jalan,Raj Prajapati / Ashwin Saksena,1.0,Race to 8,0.5,0.9593683999173309,0.635778030725732,0.985532591441537
0b4d90d9-4ced-49bb-baad-195df103ee22,ipt-goa-grandslam-11-0,Men's 40+,B,Prabhas Sharma / Shashin Shah,Premal Javeri / Harshvardhan Sharma,2.0,Race to 8,0.5,0.5,0.5,0.5
59cca22c-3e0e-48d6-af23-2e6820d09ad7,ipt-goa-grandslam-11-0,Men's 40+,B,Aditya Maheshwari / Akshay Jalan,Gagan Singh / Jonas Spinoy,1.0,Race to 8,0.5,0.9593683999173309,0.635778030725732,0.985532591441537
86d79884-6d2e-45ab-aa86-928135db61ab,ipt-goa-grandslam-11-0,Men's 40+,B,Prabhas Sharma / Shashin Shah,Aditya Maheshwari / Akshay Jalan,2.0,Race to 8,0.5,0.04063160008266915,0.364221969274268,0.014467408558463003
d915b459-9f70-4d09-b822-508e43eb6311,ipt-goa-grandslam-11-0,Men's 40+,B,Gagan Singh / Jonas Spinoy,Prabhas Sharma / Shashin Shah,2.0,Race to 8,0.5,0.5,0.5,0.5
3de0a482-c380-4b3c-b640-ba433f6051a1,ipt-goa-grandslam-11-0,Men's 40+,SF,Vijay Chhabria / Rupen Jhaveri,Premal Javeri / Harshvardhan Sharma,1.0,Best of 3 sets,0.5,0.9848166915063773,0.559122489012227,0.9929235479402894
151ea7c7-0045-4d19-b1d9-810c5fbc4ba8,ipt-goa-grandslam-11-0,Men's 40+,SF,Aditya Maheshwari / Akshay Jalan,Saurav Kankaria / Nikhil Khemka,1.0,Best of 3 sets,0.5,0.9749450858924182,0.6546545257403876,0.9924653973609158
41e3a5e6-955f-434a-aed2-0a11c72770fe,ipt-goa-grandslam-11-0,Men's 40+,F,Vijay Chhabria / Rupen Jhaveri,Aditya Maheshwari / Akshay Jalan,1.0,Best of 3 sets,0.5,0.5915340478922659,0.40144757350718996,0.5105632489959686
c98c0998-e99a-4227-a6c3-99c12d82120b,ipt-goa-grandslam-11-0,Women's Beginner,A,Rhea Mathews / Dinika Thomas,Ritika Choudhary / Nupur Gupta,1.0,Race to 8,0.5,0.5,0.5,0.5
1b747b02-55a5-4572-b3ad-f7ef5dae98e2,ipt-goa-grandslam-11-0,Women's Beginner,A,Shireen Mahajan / Sukhmani Grewal,Rhea Mathews / Dinika Thomas,1.0,Race to 8,0.5,0.6989174423165394,0.5,0.7149138356969941
4e762133-64f7-4cce-ab88-89fa44f8e125,ipt-goa-grandslam-11-0,Women's Beginner,B,Sia Chawla / Armaan Mann,Padma Veda Manikonda / Sameeksha Annem,2.0,Race to 8,0.5,0.5,0.5,0.5
946ee148-054e-4f74-a58a-1626ba3218aa,ipt-goa-grandslam-11-0,Women's Beginner,A,Ritika Choudhary / Nupur Gupta,Shireen Mahajan / Sukhmani Grewal,2.0,Race to 8,0.5,0.3010825576834607,0.5,0.28508616430300593
ac56fbd7-2fb9-4c1e-836c-d48b127f77ef,ipt-goa-grandslam-11-0,Women's Beginner,SF,Shireen Mahajan / Sukhmani Grewal,Sia Chawla / Armaan Mann,1.0,Race to 9,0.5,0.7101656158230361,0.5,0.7268398340179408
f925257e-0247-4516-a027-1455dbb370a6,ipt-goa-grandslam-11-0,Women's Beginner,SF,Padma Veda Manikonda / Sameeksha Annem,Rhea Mathews / Dinika Thomas,1.0,Race to 9,0.5,0.5,0.5,0.5
ecef1827-acee-44ab-9da2-7d8b3599c14f,ipt-goa-grandslam-11-0,Women's Beginner,F,Shireen Mahajan / Sukhmani Grewal,Padma Veda Manikonda / Sameeksha Annem,2.0,Best of 3 sets,0.5,0.7246711582845986,0.5,0.7420812868292441
39eb1f5f-d217-49a6-8600-469f9433a67b,ipt-goa-grandslam-11-0,Women's Intermediate,A,Tammana Kalra / Anmol Malhotra,Pooja Kharat / Shabri Agarwal,2.0,Race to 8,0.5,0.5,0.5262615773168378,0.5179995694439107
27998dca-6eff-44eb-b6eb-4cd250444f72,ipt-goa-grandslam-11-0,Women's Intermediate,A,Mansi Malhotra / Rubani Sidhu,Suhani Sabharwal / Karina Phipps,1.0,Race to 8,0.5,0.5261839451471365,0.536418096744372,0.5606520453282021
0c28fe55-77aa-493f-9927-458dd5c0b139,ipt-goa-grandslam-11-0,Women's Intermediate,A,Mansi Malhotra / Rubani Sidhu,Pooja Kharat / Shabri Agarwal,1.0,Race to 8,0.5,0.688791986710144,0.5262615773168378,0.7194772071515771
ce9d269c-94d1-4289-8f67-048b314e262b,ipt-goa-grandslam-11-0,Women's Intermediate,A,Tammana Kalra / Anmol Malhotra,Suhani Sabharwal / Karina Phipps,2.0,Race to 8,0.5,0.3347017198258903,0.536418096744372,0.35039559377543966
62273f9a-eb12-419b-a3e8-15432b3519a9,ipt-goa-grandslam-11-0,Women's Intermediate,A,Mansi Malhotra / Rubani Sidhu,Tammana Kalra / Anmol Malhotra,2.0,Race to 8,0.5,0.688791986710144,0.5,0.7041512878108995
1ca64bf6-afd9-4913-98c6-03dfccac1dcf,ipt-goa-grandslam-11-0,Women's Intermediate,A,Pooja Kharat / Shabri Agarwal,Suhani Sabharwal / Karina Phipps,2.0,Race to 8,0.5,0.3347017198258903,0.5101881176482481,0.333863955857853
d11c09f0-8eea-46c7-8232-864205e62696,ipt-goa-grandslam-11-0,Women's Intermediate,F,Mansi Malhotra / Rubani Sidhu,Suhani Sabharwal / Karina Phipps,1.0,Best of 3 sets,0.5,0.5300283610324471,0.5417549977037088,0.5694782563753555
650b6eaf-7ed5-4210-87a4-92b05e477083,ipt-goa-grandslam-11-0,Women's Advance,A,Steisha Buddhala / Amy Bundhel,Radhika Vasudeva / Aashna Mehra,1.0,Race to 8,0.5,0.7626904580844391,0.5,0.7818895787372704
28f4312c-10ea-4d70-805d-6b5fe710c7c9,ipt-goa-grandslam-11-0,Women's Advance,A,Tulsi Mehta / Shraddha Damani,Shivani Manjanna / Prarthana Prathap,1.0,Race to 8,0.5,0.8034030743785926,0.659230321048675,0.8817667944277094
2c2d26e4-aa2b-44a1-8b8b-a7a2f8343d19,ipt-goa-grandslam-11-0,Women's Advance,A,Steisha Buddhala / Amy Bundhel,Shivani Manjanna / Prarthana Prathap,1.0,Race to 8,0.5,0.8626162460251964,0.5,0.8826875062307118
2b77c1ce-c2e4-487c-a079-61227a691ddc,ipt-goa-grandslam-11-0,Women's Advance,A,Tulsi Mehta / Shraddha Damani,Radhika Vasudeva / Aashna Mehra,1.0,Race to 8,0.5,0.682406507009856,0.659230321048675,0.7804954440544363
6d276a24-c698-41fb-b910-4930ede83bc4,ipt-goa-grandslam-11-0,Women's Advance,A,Steisha Buddhala / Amy Bundhel,Tulsi Mehta / Shraddha Damani,1.0,Race to 8,0.5,0.5955475785477543,0.3407696789513247,0.5019022945033944
5628a034-5e39-451b-9fa2-779238ac0d53,ipt-goa-grandslam-11-0,Women's Advance,A,Shivani Manjanna / Prarthana Prathap,Radhika Vasudeva / Aashna Mehra,1.0,Race to 8,0.5,0.35129150863488795,0.5,0.3387218417851239
520800e4-1827-49f6-aebb-5d8bd0a7ccba,ipt-goa-grandslam-11-0,Women's Advance,B,Vaibhavi Deshmukh / Namita Bal,Sonashe Bhatnagar / Treta Bhattacharya,1.0,Race to 8,0.5,0.47794061545415056,0.5459148166571761,0.4984200562135863
fbc00756-0157-4df4-9c71-89dfcd69351d,ipt-goa-grandslam-11-0,Women's Advance,B,Estelle Mehta / Anisha Mirchandani,Kyra Pereira / Amaya Kothari,1.0,Race to 8,0.5,0.9481012521140306,0.5223449788432036,0.9509913539995526
ddd70da3-68ca-4555-a48c-4f3e8f2fe749,ipt-goa-grandslam-11-0,Women's Advance,B,Vaibhavi Deshmukh / Namita Bal,Kyra Pereira / Amaya Kothari,1.0,Race to 8,0.5,0.8486134642418786,0.47655553494521913,0.8435589528973284
d533b386-b463-40b5-92fb-1e7e5969d719,ipt-goa-grandslam-11-0,Women's Advance,B,Estelle Mehta / Anisha Mirchandani,Sonashe Bhatnagar / Treta Bhattacharya,2.0,Race to 8,0.5,0.7112424056895894,0.59100564125778,0.7448823953776291
a4f283e9-74a3-4ca5-801e-f5f9f608896d,ipt-goa-grandslam-11-0,Women's Advance,B,Vaibhavi Deshmukh / Namita Bal,Estelle Mehta / Anisha Mirchandani,1.0,Race to 8,0.5,0.2702546418637727,0.4542882315581688,0.25385597907546614
6a4b3da6-612a-4319-90f5-bbfbf619f323,ipt-goa-grandslam-11-0,Women's Advance,B,Kyra Pereira / Amaya Kothari,Sonashe Bhatnagar / Treta Bhattacharya,2.0,Race to 8,0.5,0.13899150269822858,0.5691177012939966,0.15550859272148826
9bd87ebc-72a9-41ec-ba25-6464f2e966d3,ipt-goa-grandslam-11-0,Women's Advance,SF,Steisha Buddhala / Amy Bundhel,Sonashe Bhatnagar / Treta Bhattacharya,1.0,Best of 3 sets,0.5,0.8633807806051637,0.5526278185540616,0.8949130876343754
f9d168cf-619d-4ea6-a787-587c9b750da9,ipt-goa-grandslam-11-0,Women's Advance,SF,Vaibhavi Deshmukh / Namita Bal,Tulsi Mehta / Shraddha Damani,2.0,Best of 3 sets,0.5,0.18737810597326987,0.3191254984175689,0.10524824136522214
6eba4cbb-edc5-4695-aa10-5242efd44d7f,ipt-goa-grandslam-11-0,Women's Advance,F,Steisha Buddhala / Amy Bundhel,Tulsi Mehta / Shraddha Damani,1.0,Best of 3 sets,0.5,0.609224080653386,0.3191254984175689,0.5021821584688024
3aed20fe-7bf8-48f3-8714-3cc87b1798e7,ipt-goa-grandslam-11-0,Mixed Open,B,Ryan Carroll / Ryan Carroll Partner,Anmol Malhotra / Yugantar Malhotra,2.0,Race to 8,0.5,0.6332022111894269,0.5,0.6445949309825538
64304167-b11b-4d01-a5ec-77a50b0443c1,ipt-goa-grandslam-11-0,Mixed Open,B,Rhea Mathews / Joel Duarte,Anmol Malhotra / Yugantar Malhotra,2.0,Race to 8,0.5,0.7176007968251032,0.5,0.7346892064625127
b5aebce7-6175-4021-a390-1a68cc02c686,ipt-goa-grandslam-11-0,Mixed Open,C,Kanchan Sharma / Mikhail Mehra,Suhani Sabharwal / Bhagya Popat,2.0,Race to 8,0.5,0.22350785571922704,0.6117224402386747,0.3094434063052969
d0b6aadb-32a7-4342-92a5-c648e1c4f245,ipt-goa-grandslam-11-0,Mixed Open,C,Rhea Jiandani / Mayank Daga,Kyra Pereira / Adhiraj Bhattacharya,2.0,Race to 8,0.5,0.7176007968251032,0.5,0.7346892064625127
8a563a93-6f78-409b-a144-c311fd927e7a,ipt-goa-grandslam-11-0,Mixed Open,C,Rhea Jiandani / Mayank Daga,Suhani Sabharwal / Bhagya Popat,2.0,Race to 8,0.5,0.31168436696511725,0.6117224402386747,0.41966178599934956
47c4fce8-b158-43e7-be57-967f85c3ed6c,ipt-goa-grandslam-11-0,Mixed Open,C,Kanchan Sharma / Mikhail Mehra,Kyra Pereira / Adhiraj Bhattacharya,2.0,Race to 8,0.5,0.6200337201421077,0.5,0.6303913072919414
481151fa-59c3-4824-9aa7-23bab7683f25,ipt-goa-grandslam-11-0,Mixed Open,A,Amaya Kothari / Parth Bhatia,Ashwati Ramesh / Karan Mehrotra,1.0,Race to 8,0.5,0.5,0.5234444650547813,0.5455454472822939
6ac13b36-4e0d-48d5-a899-7d8f30bcd755,ipt-goa-grandslam-11-0,Mixed Open,B,Rhea Mathews / Joel Duarte,Ryan Carroll / Ryan Carroll Partner,1.0,Race to 8,0.5,0.593327798525616,0.5,0.601500901857224
22396d1b-d6e9-4505-bbdb-4fd301a691be,ipt-goa-grandslam-11-0,Mixed Open,C,Rhea Jiandani / Mayank Daga,Kanchan Sharma / Mikhail Mehra,1.0,Race to 8,0.5,0.6067710283850414,0.5,0.6160568388206149
00c2a7d5-329c-4d61-bd28-d1a701e6ea4c,ipt-goa-grandslam-11-0,Mixed Open,C,Suhani Sabharwal / Bhagya Popat,Kyra Pereira / Adhiraj Bhattacharya,1.0,Race to 8,0.5,0.8559053185099827,0.3882775597613253,0.7962096986302388
790f9127-9b6d-44e1-b4f1-33c9a9a7de53,ipt-goa-grandslam-11-0,Mixed Open,A,Tulsi Mehta / Samar Malhotra,Amaya Kothari / Parth Bhatia,1.0,Race to 8,0.5,0.9743384951586304,0.6080398487257032,0.9836475399299134
b420a80b-b005-4704-8b1f-48402e677d40,ipt-goa-grandslam-11-0,Mixed Open,A,Sonashe Bhatnagar / Siddharth Satheesan,Amaya Kothari / Parth Bhatia,1.0,Race to 8,0.5,0.7071079119191142,0.43088229870600336,0.66404452670943
2a4e077c-805c-48eb-8cc2-501e6fef52d2,ipt-goa-grandslam-11-0,Mixed Open,A,Tulsi Mehta / Samar Malhotra,Ashwati Ramesh / Karan Mehrotra,1.0,Race to 8,0.5,0.9743384951586304,0.6304061426915186,0.9875177612542875
78d30b0a-023a-48df-ad9c-2fd01df295da,ipt-goa-grandslam-11-0,Mixed Open,B,Namita Bal / Aditya Jagtap,Ryan Carroll / Ryan Carroll Partner,1.0,Race to 8,0.5,0.7693004812357488,0.6068495408787523,0.8191946707924347
c0d8bf42-9bed-4018-ac2a-f3d48efbc591,ipt-goa-grandslam-11-0,Mixed Open,A,Tulsi Mehta / Samar Malhotra,Sonashe Bhatnagar / Siddharth Satheesan,1.0,Race to 8,0.5,0.9231927348106723,0.6729246935773101,0.9587007513295934
2648944f-3758-49fb-9c7d-418236e29de5,ipt-goa-grandslam-11-0,Mixed Open,B,Namita Bal / Aditya Jagtap,Rhea Mathews / Joel Duarte,1.0,Race to 8,0.5,0.6920985617556479,0.6068495408787523,0.7445676229484619
f574dec2-a8cc-43d9-a7fc-3487dbb6df1e,ipt-goa-grandslam-11-0,Mixed Open,A,Sonashe Bhatnagar / Siddharth Satheesan,Ashwati Ramesh / Karan Mehrotra,1.0,Race to 8,0.5,0.7071079119191142,0.4540851833428239,0.7045490945357447
31b24d18-4f8b-40f0-bed3-bd1e20eb7035,ipt-goa-grandslam-11-0,Mixed Open,B,Namita Bal / Aditya Jagtap,Anmol Malhotra / Yugantar Malhotra,1.0,Race to 8,0.5,0.8582922742636618,0.6068495408787523,0.8990823115674272
1ce84c70-9176-4515-af2d-606ae86b0148,ipt-goa-grandslam-11-0,Mixed Open,SF,Tulsi Mehta / Samar Malhotra,Anmol Malhotra / Yugantar Malhotra,1.0,Race to 9,0.5,0.9807967589188121,0.6382319694941772,0.9913895379054964
f808762b-a19e-4bc5-8d8b-fd0824c31d18,ipt-goa-grandslam-11-0,Mixed Open,SF,Namita Bal / Aditya Jagtap,Suhani Sabharwal / Bhagya Popat,1.0,Race to 9,0.5,0.5045641704614662,0.7220334935194722,0.6858680576973956
fe082a67-50ea-42d5-b22b-cc0470bcf762,ipt-kochi-city-open-2-0,Men's Beginner,GROUP A,Rajveer Patel / Arnav Tanna,Muhammed Ajmal / Aravind Kannan,2.0,Race to 8,0.5,0.7729297452260955,0.4117967355529373,0.6858617380894299
39dc5c91-0e03-452c-b287-aab5d44db646,ipt-kochi-city-open-2-0,Men's Beginner,GROUP B,Shaan Shah / Sandip Sabharwal,Vishal Thomas / Terence Thomas,1.0,Race to 8,0.5,0.7558707223300166,0.4480396379737539,0.7211260793041832
19fcc9ef-da12-491b-b610-cbe2de6e915c,ipt-kochi-city-open-2-0,Men's Beginner,GROUP A,Frederick Williams / Venkatesh Anilkumar,Sanjay Davis Tony / Savio Zibi,1.0,Race to 8,0.5,0.5,0.5,0.5
cb4a5452-e751-46b7-96f9-2716145c34f5,ipt-kochi-city-open-2-0,Men's Beginner,GROUP A,Rajveer Patel / Arnav Tanna,Frederick Williams / Venkatesh Anilkumar,1.0,Race to 8,0.5,0.8630964882811516,0.4117967355529373,0.8027005317335763
d4b43a95-3bc9-4068-9d0d-14704e48cdf9,ipt-kochi-city-open-2-0,Men's Beginner,GROUP A,Muhammed Ajmal / Aravind Kannan,Sanjay Davis Tony / Savio Zibi,1.0,Race to 8,0.5,0.6369436818320052,0.5,0.6441413968495087
99234a0e-d119-48ca-b8ce-baef8ac9e992,ipt-kochi-city-open-2-0,Men's Beginner,GROUP B,Vishal Thomas / Terence Thomas,Glenn Renny / Renny Chacko,1.0,Race to 8,0.5,0.5,0.5,0.5
d48db828-cc15-4b88-ac7f-f9bb8febd7d4,ipt-kochi-city-open-2-0,Men's Beginner,GROUP A,Rajveer Patel / Arnav Tanna,Sanjay Davis Tony / Savio Zibi,1.0,Race to 8,0.5,0.8630964882811516,0.4117967355529373,0.8027005317335763
839f2df5-8b6f-4146-b77b-4c2ef14864ed,ipt-kochi-city-open-2-0,Men's Beginner,GROUP B,Shaan Shah / Sandip Sabharwal,Glenn Renny / Renny Chacko,1.0,Race to 8,0.5,0.7558707223300166,0.4480396379737539,0.7211260793041832
100aa0c0-037b-400a-aa27-fc201862d829,ipt-kochi-city-open-2-0,Men's Beginner,GROUP A,Muhammed Ajmal / Aravind Kannan,Frederick Williams / Venkatesh Anilkumar,1.0,Race to 8,0.5,0.6369436818320052,0.5,0.6441413968495087
ce281b7a-9667-41c8-9405-c6cc68d6f114,ipt-kochi-city-open-2-0,Men's Beginner,GROUP C,Junaiz Odakkal / Aadil Abdul Azeez,Arvind Sriram / Ananth Menon,2.0,Race to 8,0.5,0.6728385492555081,0.5,0.6816609170026935
b833fe8a-b2a1-4a6c-bd96-2ca57c7e6219,ipt-kochi-city-open-2-0,Men's Beginner,GROUP D,Siddhant Gupta / Aman Makan,Royce Raju Beena / James Joseph,1.0,Race to 8,0.5,0.6369436818320052,0.547595431209841,0.7013619452381267
8691b18b-20bb-4d9d-8638-93e6eb5c1fd8,ipt-kochi-city-open-2-0,Men's Beginner,GROUP C,Chacko Cherian / Joseph Korah,Basudev Rai / Abhay Biswakarma,1.0,Race to 8,0.5,0.5,0.5,0.5
707023f9-626f-40d4-8eda-736dd09b2736,ipt-kochi-city-open-2-0,Men's Beginner,GROUP D,Vikaas Chhabria / Vedanth P Patel,Jinto Varghese / Steve Jacob Franco,2.0,Race to 8,0.5,0.5,0.5,0.5
024c08f8-f9ee-48ed-9283-4e7f74dda84a,ipt-kochi-city-open-2-0,Men's Beginner,GROUP C,Junaiz Odakkal / Aadil Abdul Azeez,Chacko Cherian / Joseph Korah,1.0,Race to 8,0.5,0.6728385492555081,0.5,0.6816609170026935
9eaec017-cb19-4cae-833d-df112e51bba0,ipt-kochi-city-open-2-0,Men's Beginner,GROUP D,Siddhant Gupta / Aman Makan,Vikaas Chhabria / Vedanth P Patel,1.0,Race to 8,0.5,0.6369436818320052,0.547595431209841,0.7013619452381267
8e7f1b96-de89-4d15-a748-a14442dcc770,ipt-kochi-city-open-2-0,Men's Beginner,GROUP C,Arvind Sriram / Ananth Menon,Basudev Rai / Abhay Biswakarma,1.0,Race to 8,0.5,0.5,0.5,0.5
7fd50a99-b851-4425-baa7-111e3f4c112d,ipt-kochi-city-open-2-0,Men's Beginner,GROUP D,Royce Raju Beena / James Joseph,Jinto Varghese / Steve Jacob Franco,1.0,Race to 8,0.5,0.5,0.5,0.5
43478f53-1e57-42c3-ad9f-c36526bea0f9,ipt-kochi-city-open-2-0,Men's Beginner,GROUP C,Junaiz Odakkal / Aadil Abdul Azeez,Basudev Rai / Abhay Biswakarma,1.0,Race to 8,0.5,0.6728385492555081,0.5,0.6816609170026935
72717ee2-f726-4d2a-abb2-8dc3495917c4,ipt-kochi-city-open-2-0,Men's Beginner,GROUP D,Siddhant Gupta / Aman Makan,Jinto Varghese / Steve Jacob Franco,1.0,Race to 8,0.5,0.6369436818320052,0.547595431209841,0.7013619452381267
c6e88370-f459-4002-8b54-cfc8cef68352,ipt-kochi-city-open-2-0,Men's Beginner,GROUP C,Arvind Sriram / Ananth Menon,Chacko Cherian / Joseph Korah,1.0,Race to 8,0.5,0.5,0.5,0.5
36afdf01-332e-4b31-acb7-193c0f9954ae,ipt-kochi-city-open-2-0,Men's Beginner,GROUP D,Royce Raju Beena / James Joseph,Vikaas Chhabria / Vedanth P Patel,2.0,Race to 8,0.5,0.5,0.5,0.5
03e3d1fe-fea2-4898-a94f-770efe9d8f00,ipt-kochi-city-open-2-0,Men's Beginner,QF,Muhammed Ajmal / Aravind Kannan,Royce Raju Beena / James Joseph,1.0,Race to 9,0.5,0.645126022683258,0.5,0.6527099673277429
da42261d-6e28-4606-99d6-d8a47a483028,ipt-kochi-city-open-2-0,Men's Beginner,QF,Siddhant Gupta / Aman Makan,Rajveer Patel / Arnav Tanna,1.0,Race to 9,0.5,0.21321695134930602,0.6419840300764219,0.3648147094210514
8dd71663-d7d8-4e6b-b8ab-cb11057c4675,ipt-kochi-city-open-2-0,Men's Beginner,QF,Shaan Shah / Sandip Sabharwal,Junaiz Odakkal / Aadil Abdul Azeez,2.0,Race to 9,0.5,0.6033128246107144,0.4448123074599339,0.548347817872084
3c072869-7aae-4ffb-b978-daa51d12f024,ipt-kochi-city-open-2-0,Men's Beginner,QF,Arvind Sriram / Ananth Menon,Vishal Thomas / Terence Thomas,1.0,Race to 9,0.5,0.5,0.5,0.5
65e45209-0e5a-43e3-9fb6-c442bec81708,ipt-kochi-city-open-2-0,Men's Beginner,SF,Muhammed Ajmal / Aravind Kannan,Siddhant Gupta / Aman Makan,2.0,Race to 9,0.5,0.5,0.44944536554658243,0.4328132024914236
e9651de7-cd19-4d31-810c-66e1b3f43b2f,ipt-kochi-city-open-2-0,Men's Beginner,SF,Junaiz Odakkal / Aadil Abdul Azeez,Arvind Sriram / Ananth Menon,2.0,Race to 9,0.5,0.6828734790089623,0.5,0.6921201697997303
87daa593-717b-43fe-a33b-b156d1212c06,ipt-kochi-city-open-2-0,Men's Beginner,F,Siddhant Gupta / Aman Makan,Arvind Sriram / Ananth Menon,1.0,Best of 3 sets,0.5,0.6559628536648536,0.5545508961989133,0.7273415284026328
1401801d-5bbd-4a8a-9f4c-d90624375b92,ipt-kochi-city-open-2-0,Men's Intermediate,GROUP A,Kaiz Jaffer / Varun Dattani,Afdhel Abdul Wahab / Salman Shaji,1.0,Race to 8,0.5,0.8934255376342416,0.5,0.905285756499644
31fe4ab9-5cc5-43c3-b16e-9d20d33e0189,ipt-kochi-city-open-2-0,Men's Intermediate,GROUP A,Kaiz Jaffer / Varun Dattani,Revano Wilson / Varghese Paul,1.0,Race to 8,0.5,0.8934255376342416,0.5,0.905285756499644
5541b276-8af1-45de-9ca9-f342a871aaa6,ipt-kochi-city-open-2-0,Men's Intermediate,GROUP A,Afdhel Abdul Wahab / Salman Shaji,Revano Wilson / Varghese Paul,2.0,Race to 8,0.5,0.5,0.5,0.5
6ce69905-354c-4ccd-84f5-56c0a8047de4,ipt-kochi-city-open-2-0,Men's Intermediate,GROUP B,Pranav Erinjery / Aldrith Fernandez,Azhar Seyad / Anoop KR,1.0,Race to 8,0.5,0.5,0.5099041791923393,0.5310725030675737
d3fe187c-0d7a-476a-9902-bd356ef60fa5,ipt-kochi-city-open-2-0,Men's Intermediate,GROUP D,Akhil Bansal / Nikhil Bansal,Kaushik Gummuluru / Sai Ram Goud,1.0,Race to 8,0.5,0.7040250569687312,0.5,0.7141031857385264
cb86b6d0-ede0-4d54-a488-e414b30e074a,ipt-kochi-city-open-2-0,Men's Intermediate,GROUP D,Akhil Bansal / Nikhil Bansal,Mohammed Farhan / Azim Yasir,1.0,Race to 8,0.5,0.7040250569687312,0.5,0.7141031857385264
13982dc0-e4fa-436e-b55c-f408332624c4,ipt-kochi-city-open-2-0,Men's Intermediate,GROUP D,Kaushik Gummuluru / Sai Ram Goud,Mohammed Farhan / Azim Yasir,2.0,Race to 8,0.5,0.5,0.5,0.5
ad547565-1990-477f-919c-bc4437f1fcc1,ipt-kochi-city-open-2-0,Men's Intermediate,GROUP E,Ayaan Mishra / Viraj Dewan,Mohamed Anzar / Dirsha Kalliyath,2.0,Race to 8,0.5,0.5,0.5,0.5
32e2f1fd-a1a6-4932-a63d-8cae457719ed,ipt-kochi-city-open-2-0,Men's Intermediate,GROUP C,George Pottamkulam / Amit Krishnan,Bijon Kanabar / Pranay Shetty,1.0,Race to 8,0.5,0.8286819740570646,0.5,0.8415039761166917
07e45cb7-2688-44e8-801a-da2e0b30f2ee,ipt-kochi-city-open-2-0,Men's Intermediate,GROUP F,Arjun Raju / Ganesh Raj,Gopal Mohan / Nikhil George,1.0,Race to 8,0.5,0.6937761487303392,0.5645150847548526,0.7484075438849866
b2a52d91-deff-4c8e-b442-b5793d94b3f0,ipt-kochi-city-open-2-0,Men's Intermediate,GROUP C,George Pottamkulam / Amit Krishnan,Sachin Thomas / Parthiv Anilkumar,1.0,Race to 8,0.5,0.8286819740570646,0.5,0.8415039761166917
d7131bb9-325e-4ed2-9c3a-a4a7d6f28d24,ipt-kochi-city-open-2-0,Men's Intermediate,GROUP F,Arjun Raju / Ganesh Raj,Anthony Grace Fernandes / Adarsh S,1.0,Race to 8,0.5,0.6937761487303392,0.5645150847548526,0.7484075438849866
768f0678-f72f-4419-b398-45282170de3e,ipt-kochi-city-open-2-0,Men's Intermediate,GROUP C,Bijon Kanabar / Pranay Shetty,Sachin Thomas / Parthiv Anilkumar,2.0,Race to 8,0.5,0.5,0.5,0.5
da312eda-67b5-4df0-94b1-228ec49f5dbc,ipt-kochi-city-open-2-0,Men's Intermediate,GROUP F,Gopal Mohan / Nikhil George,Anthony Grace Fernandes / Adarsh S,2.0,Race to 8,0.5,0.5,0.5,0.5
656cb675-5f02-48d3-89d1-061ca3267657,ipt-kochi-city-open-2-0,Men's Intermediate,GROUP G,John Paul / Falib Jaleel,Sanal K M / Nigel Paul,1.0,Race to 8,0.5,0.6877200041791477,0.5,0.697161917652336
15ef7bff-541b-4ae6-b583-4914704bd786,ipt-kochi-city-open-2-0,Men's Intermediate,GROUP H,Mithun Prabhu / Akshith Thomas,Sonu Vaidyan / Sadic Ashraf,1.0,Race to 8,0.5,0.6728385492555081,0.5,0.6816609170026935
b6294123-9662-414d-8695-a657ae6acb81,ipt-kochi-city-open-2-0,Men's Intermediate,GROUP G,John Paul / Falib Jaleel,Muhammed Saleem V / Arun Ratnakaran,1.0,Race to 8,0.5,0.6877200041791477,0.5,0.697161917652336
02602bea-68f9-4752-a0da-d729a79ed5ad,ipt-kochi-city-open-2-0,Men's Intermediate,GROUP H,Mithun Prabhu / Akshith Thomas,Raaghav Sharma Bagga / Yuvraj mehta,2.0,Race to 8,0.5,0.6728385492555081,0.5,0.6816609170026935
7f7470be-59ba-4fb9-b76f-bd5bb2c52c36,ipt-kochi-city-open-2-0,Men's Intermediate,GROUP G,Sanal K M / Nigel Paul,Muhammed Saleem V / Arun Ratnakaran,2.0,Race to 8,0.5,0.5,0.5,0.5
fcdd2916-4e98-4a27-a45c-4e9cae42142a,ipt-kochi-city-open-2-0,Men's Intermediate,GROUP H,Sonu Vaidyan / Sadic Ashraf,Raaghav Sharma Bagga / Yuvraj mehta,2.0,Race to 8,0.5,0.5,0.5,0.5
2addffdf-5d74-4410-9c15-b6d1172cdcaa,ipt-kochi-city-open-2-0,Men's Intermediate,R16,Kaiz Jaffer / Varun Dattani,Mithun Prabhu / Akshith Thomas,1.0,Race to 9,0.5,0.8035696014619427,0.5,0.816236066573299
b530136d-9889-4042-845b-a06f95359c31,ipt-kochi-city-open-2-0,Men's Intermediate,R16,Raaghav Sharma Bagga / Yuvraj mehta,Revano Wilson / Varghese Paul,1.0,Race to 9,0.5,0.5,0.5,0.5
3cf2b617-81ef-4a6a-8072-26feca265196,ipt-kochi-city-open-2-0,Men's Intermediate,R16,Akhil Bansal / Nikhil Bansal,Ayaan Mishra / Viraj Dewan,1.0,Race to 9,0.5,0.7154955368737297,0.5,0.7259961647733926
b0cb2b62-0e12-409d-9ab0-1ae12eb514d0,ipt-kochi-city-open-2-0,Men's Intermediate,R16,Mohamed Anzar / Dirsha Kalliyath,Mohammed Farhan / Azim Yasir,1.0,Race to 9,0.5,0.5,0.5,0.5
f0e009e9-0394-4884-9536-31ab4b0da1ae,ipt-kochi-city-open-2-0,Men's Intermediate,R16,George Pottamkulam / Amit Krishnan,Anthony Grace Fernandes / Adarsh S,1.0,Race to 9,0.5,0.8433378848166095,0.5,0.856151862026502
44d82976-d394-4251-b84c-fb77b879d987,ipt-kochi-city-open-2-0,Men's Intermediate,R16,Arjun Raju / Ganesh Raj,Sachin Thomas / Parthiv Anilkumar,1.0,Race to 9,0.5,0.7047952405596433,0.5685085628517604,0.76155910465228
888b3286-4d38-42e6-a6ec-a50c9c076ff7,ipt-kochi-city-open-2-0,Men's Intermediate,R16,Pranav Erinjery / Aldrith Fernandez,Muhammed Saleem V / Arun Ratnakaran,1.0,Race to 9,0.5,0.5,0.5105230509689066,0.533010224924148
2c1ab141-7979-4275-ad06-201854da2605,ipt-kochi-city-open-2-0,Men's Intermediate,R16,John Paul / Falib Jaleel,Azhar Seyad / Anoop KR,1.0,Race to 9,0.5,0.6984626676849854,0.5,0.708332459482038
fa60cd66-96a4-4dbb-9c18-2ace5b6bbfba,ipt-kochi-city-open-2-0,Men's Intermediate,QF,Akhil Bansal / Nikhil Bansal,Mohamed Anzar / Dirsha Kalliyath,1.0,Race to 9,0.5,0.7154955368737297,0.5,0.7259961647733926
1f6af0cd-da17-4f06-a093-2fe76f607814,ipt-kochi-city-open-2-0,Men's Intermediate,QF,Kaiz Jaffer / Varun Dattani,Raaghav Sharma Bagga / Yuvraj mehta,2.0,Race to 9,0.5,0.9070395213671394,0.5,0.9183812094409416
e071e752-9fc5-47b3-a983-87773dc673f8,ipt-kochi-city-open-2-0,Men's Intermediate,QF,George Pottamkulam / Amit Krishnan,Arjun Raju / Ganesh Raj,1.0,Race to 9,0.5,0.6821122734090931,0.43149143714824,0.638932972343672
8e547df4-6004-44c1-a0f1-8b2610bef116,ipt-kochi-city-open-2-0,Men's Intermediate,QF,Pranav Erinjery / Aldrith Fernandez,John Paul / Falib Jaleel,1.0,Race to 9,0.5,0.3015373323150146,0.5105230509689066,0.3206156833366559
63cd9cba-191a-4c5e-ab00-0b022e5fb187,ipt-kochi-city-open-2-0,Men's Intermediate,SF,Raaghav Sharma Bagga / Yuvraj mehta,Akhil Bansal / Nikhil Bansal,1.0,Best of 3 sets,0.5,0.26975324016104524,0.5,0.25879726164180716
85aaea17-98d6-408e-af3c-8d4787b1e702,ipt-kochi-city-open-2-0,Men's Intermediate,F,Raaghav Sharma Bagga / Yuvraj mehta,George Pottamkulam / Amit Krishnan,1.0,Best of 3 sets,0.5,0.13974821033980278,0.5,0.12723829465650674
afa5a3b0-cfa6-4fc4-aa63-c3bb73222ef4,ipt-kochi-city-open-2-0,Men's Advance,GROUP A,Aditya Jagtap / Krishiv Patel,Akash Wagh / Vinayak Kumar,1.0,Race to 8,0.5,0.9910714159141428,0.8704093583006499,0.9989571691419536
fae9b9c7-389a-4665-be80-41cc6653bb13,ipt-kochi-city-open-2-0,Men's Advance,GROUP B,Samar Malhotra / Aryan Goveas,Karan Medappa / Shane Biddaiah,1.0,Race to 8,0.5,0.9900974047768065,0.816606196832216,0.9950440926619929
56df6914-2828-444d-9ed7-c82cee9ebb76,ipt-kochi-city-open-2-0,Men's Advance,GROUP A,Naesar Jewoor / Siddharth Dabrai,Varshil Trambadiya / Antariksh Mohandas,2.0,Race to 8,0.5,0.5228355011021566,0.5375773001964774,0.5700599245851639
6836bcb0-1981-484e-a454-737d8e1eb2ee,ipt-kochi-city-open-2-0,Men's Advance,GROUP B,Saish Shelar / Mihir Akolkar,Advait Bahl / Kabir Anand,1.0,Race to 8,0.5,0.7029377958003189,0.5757227537419858,0.7851522401455262
d3825740-4837-47de-8680-2a1c300e35da,ipt-kochi-city-open-2-0,Men's Advance,GROUP A,Aditya Jagtap / Krishiv Patel,Varshil Trambadiya / Antariksh Mohandas,1.0,Race to 8,0.5,0.7973487722929701,0.8888884131467323,0.948898977724014
e8e338a3-ab95-401c-8aa8-c8d5c476c053,ipt-kochi-city-open-2-0,Men's Advance,GROUP B,Samar Malhotra / Aryan Goveas,Advait Bahl / Kabir Anand,1.0,Race to 8,0.5,0.8900358479259497,0.7908612067561377,0.956808815161091
a84fe58e-7e4b-46b3-979f-6da63d791323,ipt-kochi-city-open-2-0,Men's Advance,GROUP A,Naesar Jewoor / Siddharth Dabrai,Akash Wagh / Vinayak Kumar,1.0,Race to 8,0.5,0.94929307895154,0.5,0.957782271773984
62ceca22-1bf3-426b-a71c-059df89fe896,ipt-kochi-city-open-2-0,Men's Advance,GROUP B,Saish Shelar / Mihir Akolkar,Karan Medappa / Shane Biddaiah,1.0,Race to 8,0.5,0.9525230345236316,0.6121994222021789,0.9549842756044633
e0106e13-7adf-45a1-aece-c3e757a62287,ipt-kochi-city-open-2-0,Men's Advance,GROUP A,Varshil Trambadiya / Antariksh Mohandas,Akash Wagh / Vinayak Kumar,1.0,Race to 8,0.5,0.9432939375278789,0.4624226998035226,0.9401736906762083
fdb3e5aa-eef2-4829-b804-ad695034fdf5,ipt-kochi-city-open-2-0,Men's Advance,GROUP B,Advait Bahl / Kabir Anand,Karan Medappa / Shane Biddaiah,2.0,Race to 8,0.5,0.8754936596461176,0.5375146250624637,0.8224091136939737
d68d7f08-5edc-4b68-b5f2-ff9c3c17d0c1,ipt-kochi-city-open-2-0,Men's Advance,GROUP A,Aditya Jagtap / Krishiv Patel,Naesar Jewoor / Siddharth Dabrai,1.0,Race to 8,0.5,0.7809773921518393,0.8704093583006499,0.9284343197069687
ef27919c-2820-4044-a083-2a04a52ad48c,ipt-kochi-city-open-2-0,Men's Advance,GROUP B,Samar Malhotra / Aryan Goveas,Saish Shelar / Mihir Akolkar,1.0,Race to 8,0.5,0.7583507093681087,0.7323575604805641,0.8276139395454604
fd952ca0-cc3a-4431-97ac-b839910ea92a,ipt-kochi-city-open-2-0,Men's Advance,GROUP C,Swaraj Deshmukh / Kaivalya Kalamse,Famas Shanavas / Naeem Shahul,1.0,Race to 8,0.5,0.8945655809317464,0.6410273117204858,0.9468881371023177
42d526cf-abfc-45ea-a2d5-9b40721e31c1,ipt-kochi-city-open-2-0,Men's Advance,GROUP C,Adit Patel / Kavin Vendan,Syed Imran Yusoof / Kunal Premnarayan,1.0,Race to 8,0.5,0.3112965691327446,0.4276990242145347,0.33346683941424077
bb5d09bd-73f0-49bc-b11e-5d4b51f11ba0,ipt-kochi-city-open-2-0,Men's Advance,GROUP C,Swaraj Deshmukh / Kaivalya Kalamse,Syed Imran Yusoof / Kunal Premnarayan,1.0,Race to 8,0.5,0.5985375330264447,0.5295745926421,0.7152574909721738
881a2820-3902-4ef5-b05a-9c2ebee3c4a3,ipt-kochi-city-open-2-0,Men's Advance,GROUP C,Adit Patel / Kavin Vendan,Famas Shanavas / Naeem Shahul,1.0,Race to 8,0.5,0.6978985420681932,0.5418038304796395,0.7375601479905072
b4228995-c60b-45ab-aad7-9fea718fd52c,ipt-kochi-city-open-2-0,Men's Advance,GROUP C,Syed Imran Yusoof / Kunal Premnarayan,Famas Shanavas / Naeem Shahul,1.0,Race to 8,0.5,0.8429156397955845,0.6129926310750325,0.8558020156372079
4679b382-8cae-4ac8-99b8-427f869ad967,ipt-kochi-city-open-2-0,Men's Advance,GROUP C,Swaraj Deshmukh / Kaivalya Kalamse,Adit Patel / Kavin Vendan,2.0,Race to 8,0.5,0.7704434456100017,0.6011716413921872,0.8402156497297751
da789459-5359-4362-8f95-5401c118bd17,ipt-kochi-city-open-2-0,Men's Advance,QF,Aditya Jagtap / Krishiv Patel,Karan Medappa / Shane Biddaiah,1.0,Race to 9,0.5,0.9940730448591993,0.939944272556481,0.9995930796696234
30936912-272f-46a2-8756-3da8c56140d8,ipt-kochi-city-open-2-0,Men's Advance,QF,Saish Shelar / Mihir Akolkar,Swaraj Deshmukh / Kaivalya Kalamse,2.0,Race to 9,0.5,0.49353033703934035,0.3873945849708435,0.3249871051398741
6dafb7fc-1e8a-420f-8894-33c6879cd0ce,ipt-kochi-city-open-2-0,Men's Advance,QF,Samar Malhotra / Aryan Goveas,Syed Imran Yusoof / Kunal Premnarayan,1.0,Race to 9,0.5,0.8392090237521778,0.6744468386732185,0.8754490035094511
f0abf730-1ec1-4a0c-9005-c63fa90bd30a,ipt-kochi-city-open-2-0,Men's Advance,QF,Adit Patel / Kavin Vendan,Varshil Trambadiya / Antariksh Mohandas,2.0,Race to 9,0.5,0.2498075727026243,0.5207025126336158,0.29297934995539227
3299e9e4-93f1-44c7-bc08-760b8d5152f2,ipt-kochi-city-open-2-0,Men's Advance,SF,Aditya Jagtap / Krishiv Patel,Swaraj Deshmukh / Kaivalya Kalamse,1.0,Best of 3 sets,0.5,0.797088221202086,0.8530833610906421,0.9065803858069841
2d8cbdbf-5ade-4e36-83af-909f44dfa581,ipt-kochi-city-open-2-0,Men's Advance,SF,Samar Malhotra / Aryan Goveas,Varshil Trambadiya / Antariksh Mohandas,1.0,Best of 3 sets,0.5,0.8166895698458067,0.7732960920759321,0.8734405928174711
1a2d6c10-9644-4f62-922d-8721a74b8fcc,ipt-kochi-city-open-2-0,Men's Advance,F,Aditya Jagtap / Krishiv Patel,Samar Malhotra / Aryan Goveas,2.0,Best of 3 sets,0.5,0.5191951663017436,0.7436683561758197,0.7703444717176073
f3580957-0ee2-4958-8949-2b1a217a5e27,ipt-kochi-city-open-2-0,Men's 40+,Round 1,Arun Chery Jacob / Abhilash Joshi,Syed Imran Yusoof / Kunal Premnarayan,2.0,Race to 8,0.5,0.02837586668717708,0.44560202052414816,0.02489126222292115
abbe0a20-2e6c-4dad-a383-e91315342dd7,ipt-kochi-city-open-2-0,Men's 40+,Round 1,Rajiv Dutt / Mahesh Shinde,Sandeep Louis / Vivek Venugopal,1.0,Race to 8,0.5,0.5,0.5,0.5
aec0d41f-15dc-4d8d-9679-aae89ba81453,ipt-kochi-city-open-2-0,Men's 40+,Round 3,Sandeep Louis / Vivek Venugopal,Syed Imran Yusoof / Kunal Premnarayan,2.0,Race to 8,0.5,0.02837586668717708,0.44560202052414816,0.02489126222292115
894fa6e5-93e6-4d4e-86a4-d34b9b61e257,ipt-kochi-city-open-2-0,Men's 40+,Round 3,Arun Chery Jacob / Abhilash Joshi,Rajiv Dutt / Mahesh Shinde,2.0,Race to 8,0.5,0.5,0.5,0.5
6cb85dab-0ff4-449d-a241-89b8999588ad,ipt-kochi-city-open-2-0,Men's 40+,Round 2,Arun Chery Jacob / Abhilash Joshi,Sandeep Louis / Vivek Venugopal,1.0,Race to 8,0.5,0.5,0.5,0.5
ed465153-ab2e-4909-8f1f-c70dfbbfd4cf,ipt-kochi-city-open-2-0,Men's 40+,F,Syed Imran Yusoof / Kunal Premnarayan,Rajiv Dutt / Mahesh Shinde,1.0,Best of 3 sets,0.5,0.9835540422729833,0.5623311306975747,0.9858839602717688
3bfc94ec-cbee-4620-b8de-ebed2729f9e5,ipt-kochi-city-open-2-0,Women's Beginner,GROUP A,Niti Mehta / Alisha Aggarwal,Raksha Bhaskar / Gayatri Nair,1.0,Race to 8,0.5,0.31227999582085225,0.5,0.30283808234766396
98bdde72-766a-4194-9fc6-ad074747233a,ipt-kochi-city-open-2-0,Women's Beginner,GROUP A,Niti Mehta / Alisha Aggarwal,Devi Nayar / Aswti Mannali,1.0,Race to 8,0.5,0.5,0.5,0.5
2db86115-7621-4fa8-bbb9-ec7bddc68a32,ipt-kochi-city-open-2-0,Women's Beginner,GROUP A,Niti Mehta / Alisha Aggarwal,Anna Biju / Meghna Biju,1.0,Race to 8,0.5,0.5,0.5,0.5
9e28f510-b71a-4e59-9281-89c55e6954b4,ipt-kochi-city-open-2-0,Women's Beginner,GROUP A,Raksha Bhaskar / Gayatri Nair,Devi Nayar / Aswti Mannali,1.0,Race to 8,0.5,0.6877200041791477,0.5,0.697161917652336
fa44e95c-37f6-4d29-a4e0-30b3488d196c,ipt-kochi-city-open-2-0,Women's Beginner,F,Niti Mehta / Alisha Aggarwal,Raksha Bhaskar / Gayatri Nair,1.0,Best of 3 sets,0.5,0.28760377319589947,0.5,0.2772486829882476
5cb8c9d5-4109-4a82-9a2d-bb615764008a,ipt-kochi-city-open-2-0,Women's Intermediate,GROUP A,Neeti Nayak / Urmi Kothari,Sareeka John / Shubha Abhilash,2.0,Race to 8,0.5,0.5,0.5,0.5
440d6fb3-4d19-493d-b576-05ac6ddfb9c0,ipt-kochi-city-open-2-0,Women's Intermediate,GROUP A,Neeti Nayak / Urmi Kothari,Rebecca Puthumana / Deepthi J S,2.0,Race to 8,0.5,0.5,0.5,0.5
b953b67f-570f-4f9d-978e-18521f0044c0,ipt-kochi-city-open-2-0,Women's Intermediate,F,Rebecca Puthumana / Deepthi J S,Sareeka John / Shubha Abhilash,1.0,Best of 3 sets,0.5,0.5,0.5,0.5
