division_id,tournament_slug,event,division,gender,level,team_count,status,format,match_format,qualify_per_group,matches_listed
b02a8c16-f65d-4815-965a-edc5f6666a0d,ipt-chandigarh-city-open-2-0,City Open Chandigarh 2.0,Men's Beginner,Men's,beginner,24,Upcoming,Groups + Knockout,Group matches: race to 8 games · Knockout: best of 3 sets.,2,51
2c1884cb-e421-4a43-894b-8a17e3d46e0d,ipt-chandigarh-city-open-2-0,City Open Chandigarh 2.0,Men's Intermediate,Men's,intermediate,31,Upcoming,Groups + Knockout,Group matches: race to 8 games · Knockout: race to 8 games.,2,60
491db331-5e32-4501-ac08-7ef4549c1577,ipt-chandigarh-city-open-2-0,City Open Chandigarh 2.0,Men's Advance,Men's,advance,16,Upcoming,Groups + Knockout,Group matches: race to 8 games · Knockout: race to 8 games.,2,31
9f48a253-ea43-49fa-9a51-9d93fe7894e5,ipt-chandigarh-city-open-2-0,City Open Chandigarh 2.0,Men's 40+,Men's 40+,open,8,Upcoming,Groups + Knockout,Group matches: race to 8 games · Knockout: race to 8 games.,2,15
dab3efa0-30cb-4e51-b596-2a7688a8824d,ipt-chandigarh-city-open-2-0,City Open Chandigarh 2.0,Women's Beginner,Women's,beginner,9,Upcoming,Groups + Knockout,Group matches: race to 8 games · Knockout: race to 8 games.,2,19
383a2587-7b75-45b8-b562-82782078ae3c,ipt-chandigarh-city-open-2-0,City Open Chandigarh 2.0,Women's Intermediate,Women's,intermediate,3,Upcoming,Combined Round Robin + Split Bracket,Group matches: race to 8 games · Knockout: best of 3 sets.,2,15
219d868c-e794-4eea-8e08-9c844e9655b0,ipt-chandigarh-city-open-2-0,City Open Chandigarh 2.0,Women's Advance,Women's,advance,3,Upcoming,Combined Round Robin + Split Bracket,Group matches: race to 8 games · Knockout: best of 3 sets.,2,17
695b0746-b4ff-4123-8162-e6f14b3c16c9,ipt-goa-grandslam-11-0,Grand Slam 11.0 Goa Edition,Men's Beginner,Men's,beginner,16,Completed,Groups + Knockout,Group matches: race to 8 games · Knockout: race to 8 games.,2,31
8f9c3ee6-d54b-4ad7-8104-24a0dfb32bc4,ipt-goa-grandslam-11-0,Grand Slam 11.0 Goa Edition,Men's Intermediate,Men's,intermediate,24,Completed,Groups + Knockout,Group matches: race to 8 games · Knockout: race to 8 games.,2,51
67e84996-8941-496f-b358-fc61f5cc37c6,ipt-goa-grandslam-11-0,Grand Slam 11.0 Goa Edition,Men's Advance,Men's,advance,16,Completed,Groups + Knockout,Group matches: race to 8 games · Knockout: race to 8 games.,2,31
91fad129-189f-4d20-aa97-2e79a2f34206,ipt-goa-grandslam-11-0,Grand Slam 11.0 Goa Edition,Men's 40+,Men's 40+,open,9,Completed,Groups + Knockout,Group matches: race to 8 games · Knockout: race to 8 games.,2,19
4e2a9707-4f9e-4841-ac83-3a9f993c4988,ipt-goa-grandslam-11-0,Grand Slam 11.0 Goa Edition,Women's Beginner,Women's,beginner,5,Completed,Groups + Knockout,Group matches: race to 8 games · Knockout: race to 8 games.,2,7
88e88ea0-0f4a-4102-b556-cbff9731ccd3,ipt-goa-grandslam-11-0,Grand Slam 11.0 Goa Edition,Women's Intermediate,Women's,intermediate,4,Completed,Groups + Knockout,Group matches: race to 8 games · Knockout: race to 8 games.,2,7
a3978c78-0644-4553-b1be-1e22e3dedb07,ipt-goa-grandslam-11-0,Grand Slam 11.0 Goa Edition,Women's Advance,Women's,advance,8,Completed,Groups + Knockout,Group matches: race to 8 games · Knockout: race to 8 games.,2,15
c66db273-6ea7-4690-9358-69775a608a6a,ipt-goa-grandslam-11-0,Grand Slam 11.0 Goa Edition,Mixed Open,Mixed,open,12,Completed,Groups + Knockout,Group matches: race to 8 games · Knockout: race to 8 games.,2,21
ea4e62e0-c918-476a-8617-c2d1ccc3a549,ipt-hyderabad-city-grandslam-12-0,Grand Slam 12.0 Hyderabad Edition,Men's Beginner,Men's,beginner,4,Upcoming,Groups + Knockout,Group matches: race to 8 games · Knockout: best of 3 sets.,2,0
0e092a93-6a6b-46f5-9b2a-e38ea9f1114f,ipt-hyderabad-city-grandslam-12-0,Grand Slam 12.0 Hyderabad Edition,Men's Intermediate,Men's,intermediate,7,Upcoming,Groups + Knockout,Group matches: race to 8 games · Knockout: best of 3 sets.,2,0
9f59bff4-c36e-4220-9f3a-d5336dc20c40,ipt-hyderabad-city-grandslam-12-0,Grand Slam 12.0 Hyderabad Edition,Men's Advance,Men's,advance,5,Upcoming,Groups + Knockout,Group matches: race to 8 games · Knockout: best of 3 sets.,4,0
1d327f7d-239d-491a-bd91-ba21d702b9ce,ipt-hyderabad-city-grandslam-12-0,Grand Slam 12.0 Hyderabad Edition,Men's 40+,Men's 40+,open,4,Upcoming,Groups + Knockout,Group matches: race to 8 games · Knockout: best of 3 sets.,2,0
bb0ff256-df34-4c45-a41c-a085d7f359d6,ipt-hyderabad-city-grandslam-12-0,Grand Slam 12.0 Hyderabad Edition,Women's Intermediate,Women's,intermediate,3,Upcoming,Groups + Knockout,Group matches: race to 8 games · Knockout: best of 3 sets.,2,0
abc334db-cf5c-4e44-bb58-9bb248a0eb2b,ipt-kochi-city-open-2-0,City Open Kochi 2.0,Men's Beginner,Men's,beginner,16,Completed,Groups + Knockout,Group matches: race to 8 games · Knockout: race to 8 games.,2,31
3a7fcb0b-23e6-4668-95a8-8ea47b0a7650,ipt-kochi-city-open-2-0,City Open Kochi 2.0,Men's Intermediate,Men's,intermediate,24,Completed,Groups + Knockout,Group matches: race to 8 games · Knockout: race to 8 games.,2,39
e84704d4-5f11-475f-9118-98ea192f167c,ipt-kochi-city-open-2-0,City Open Kochi 2.0,Men's Advance,Men's,advance,12,Completed,Groups + Knockout,Group matches: race to 8 games · Knockout: race to 8 games.,2,25
eddfa46b-59fb-464f-93d7-a6d83f5e40a8,ipt-kochi-city-open-2-0,City Open Kochi 2.0,Men's 40+,Men's 40+,open,4,Completed,Groups + Knockout,Group matches: race to 8 games · Knockout: race to 8 games.,2,7
74d2fc05-66b9-4a70-aa12-7df46d66dc21,ipt-kochi-city-open-2-0,City Open Kochi 2.0,Women's Beginner,Women's,beginner,4,Completed,Groups + Knockout,Group matches: race to 8 games · Knockout: race to 8 games.,2,7
a971a4c8-74da-47f2-b293-b678434d8f45,ipt-kochi-city-open-2-0,City Open Kochi 2.0,Women's Intermediate,Women's,intermediate,3,Completed,Groups + Knockout,Group matches: race to 8 games · Knockout: race to 8 games.,2,4
80928227-6bd5-4afc-9f48-9132a58a3be1,mumbai-city-open-5-01,City Open Mumbai 5.0,Men's Beginner,Men's,beginner,16,Completed,Groups + Knockout,Group matches: race to 8 games · Knockout: race to 8 games.,2,31
7d488f63-c212-40f7-8f63-b3723273dc6f,mumbai-city-open-5-01,City Open Mumbai 5.0,Men's Intermediate,Men's,intermediate,24,Completed,Groups + Knockout,Group matches: race to 8 games · Knockout: race to 8 games.,1,31
b7b770be-18d5-4609-bdf5-585a4c25ec2b,mumbai-city-open-5-01,City Open Mumbai 5.0,Men's Advance,Men's,advance,16,Completed,Groups + Knockout,Group matches: race to 8 games · Knockout: race to 8 games.,2,31
e54739e7-ded4-40c8-a33b-ebd2aa7d43f7,mumbai-city-open-5-01,City Open Mumbai 5.0,Men's 40+,Men's 40+,open,12,Completed,Groups + Knockout,Group matches: race to 8 games · Knockout: race to 8 games.,1,15
eaf2866f-1c18-4ef1-ac54-d34fb0ac7bde,mumbai-city-open-5-01,City Open Mumbai 5.0,Women's Beginner,Women's,beginner,8,Completed,Groups + Knockout,Group matches: race to 8 games · Knockout: race to 8 games.,2,15
a8021667-5e8f-4369-838c-efb8dd18b5b7,mumbai-city-open-5-01,City Open Mumbai 5.0,Women's Intermediate,Women's,intermediate,12,Completed,Groups + Knockout,Group matches: race to 8 games · Knockout: race to 8 games.,1,15
9f67b0fe-211f-4ae5-87e9-b06ee47a5cb0,mumbai-city-open-5-01,City Open Mumbai 5.0,Women's Advance,Women's,advance,6,Completed,Groups + Knockout,Group matches: race to 8 games · Knockout: race to 8 games.,2,9
