player_id,name,tournament_slug,id_source,event_result_found
98307ab5-02a0-409d-b320-7c77b38a3c53,Suvir Singh,ipt-goa-grandslam-11-0,api_member_ids,True
8c14292c-7d3f-4075-9728-5ecdab778aef,Lokesh Chhabra,ipt-goa-grandslam-11-0,api_member_ids,True
fbb446a9-8fc0-419e-a122-968c42f06acf,Rajat Jain,ipt-goa-grandslam-11-0,api_member_ids,True
8c72bdc2-6eff-4537-ba3a-ad4eaadd542d,Shaan Shah,ipt-goa-grandslam-11-0,api_member_ids,True
9ea9d377-325c-4e5e-8973-2502b62cf1fa,Divy Kothari,ipt-goa-grandslam-11-0,api_member_ids,True
4abc41a6-8e24-4eaa-a669-eadf2b1b7365,Gautam Kaushal,ipt-goa-grandslam-11-0,api_member_ids,True
2ca1e3d6-f039-4d35-8a77-2dc758f3f972,Sahil Dhingra,ipt-goa-grandslam-11-0,api_member_ids,True
a855af93-c390-4b32-9887-e39a874377df,Arnav Sanjeev,ipt-goa-grandslam-11-0,api_member_ids,True
4fd7e826-a45c-45c1-974d-781f0cfc0621,Shelton Mathew,ipt-goa-grandslam-11-0,api_member_ids,True
821bda69-7b49-49ce-96f9-425f549eab3f,Aarman Kler,ipt-goa-grandslam-11-0,api_member_ids,True
3f741097-060e-44be-8402-0bb7f42b5b7e,Vijay Aakash Nemakal,ipt-goa-grandslam-11-0,api_member_ids,True
ff05cc74-ed3a-4f11-b5c9-b91e71e5f39d,Joshua Lobo,ipt-goa-grandslam-11-0,api_member_ids,True
10a7cfb7-155c-48d3-b2a2-8c2bde421e4e,Udhay Mahajan,ipt-goa-grandslam-11-0,api_member_ids,True
2fc76920-fbc0-4f8b-b8cc-cc92661a5f3e,Abhi Panchu,ipt-goa-grandslam-11-0,api_member_ids,True
99aa5ae0-7537-4b6b-b6c3-e13ea17a8127,Tejas Shevde,ipt-goa-grandslam-11-0,api_member_ids,True
d55bd4eb-f316-443e-bc77-b4223089bb9b,Rishabh Kalokhe,ipt-goa-grandslam-11-0,api_member_ids,True
eb6e3572-7307-4365-8009-7450c28a8eae,Sheehan Furtado,ipt-goa-grandslam-11-0,api_member_ids,True
ddb10849-80d7-4445-a21f-8b51010f3dee,Tanveer Singh,ipt-goa-grandslam-11-0,api_member_ids,True
78ea93d2-90f5-4312-a0d6-737a0e704130,Suhail Kapur,ipt-goa-grandslam-11-0,api_member_ids,True
ea36ad45-24c2-4b1d-b812-8ebcf72eb5b2,Rahul Chandwani,ipt-goa-grandslam-11-0,api_member_ids,True
953b53cb-dcf0-4d4b-a3c3-9bd95488b0d4,R S Abhishek,ipt-goa-grandslam-11-0,api_member_ids,True
cebed5c0-9f8f-4458-aaa4-0ee2b6f25f10,Mehul Bansal,ipt-goa-grandslam-11-0,api_member_ids,True
33e396ff-a084-4b28-b360-ff47e5b98714,Yashvardhan Sarda,ipt-goa-grandslam-11-0,api_member_ids,True
9dfae00e-eb77-4ee8-9f32-fb38a9a5cb3a,Prateek Gambhir,ipt-goa-grandslam-11-0,api_member_ids,True
d53d58f6-276e-46d7-b68f-122f5cffc310,Sagar Patodia,ipt-goa-grandslam-11-0,api_member_ids,True
91fe8369-14e1-4871-b264-ff9edce13af8,Raghul Arvind,ipt-goa-grandslam-11-0,api_member_ids,True
6a3070aa-afd1-4319-9aa8-8376abb53ec0,Raghav Bansal,ipt-goa-grandslam-11-0,api_member_ids,True
5938a1b7-dfbe-4c9a-8eb1-4debd778d000,Ishan Maitreya,ipt-goa-grandslam-11-0,api_member_ids,True
3e4cd9d1-4aaf-4f21-b6ff-75e43cbac6e4,Pratham Jain,ipt-goa-grandslam-11-0,api_member_ids,True
460350b9-79b8-43e3-9b0a-6856d9056bda,Arjun Chalotra,ipt-goa-grandslam-11-0,api_member_ids,True
db525122-7288-4cef-a60c-57d5465c23d2,Punit Chawla,ipt-goa-grandslam-11-0,api_member_ids,True
36726a92-ec56-44b3-9a19-4dc479afc322,Tammineedi Jayanth,ipt-goa-grandslam-11-0,api_member_ids,True
f10361b9-af81-48db-8dc6-5bdb33b72c6a,Eshant Uppal,ipt-goa-grandslam-11-0,api_member_ids,True
15061bb7-8b57-4367-b302-35d512b70b74,Mayank Daga,ipt-goa-grandslam-11-0,api_member_ids,True
74a7e384-3f53-44ee-80d0-059e3fa60e1c,Arjun Raju,ipt-goa-grandslam-11-0,api_member_ids,True
ranked-jasmer-kapany,Jasmer Kapany,ipt-goa-grandslam-11-0,exact_name_guest_record,True
6b49f7ef-e989-4036-816e-f0267d3c3ef0,Saish Shelar,ipt-goa-grandslam-11-0,api_member_ids,True
5854e023-8f2c-4811-82ed-0e54efaf63ec,Rahul Motwani,ipt-goa-grandslam-11-0,api_member_ids,True
13d6188c-cd2e-4152-a5c2-0b82573143b9,Advait Bahl,ipt-goa-grandslam-11-0,api_member_ids,True
03c0ac66-cca8-403b-956f-08fe4c08cebe,Pranay Merchant,ipt-goa-grandslam-11-0,api_member_ids,True
38c72183-eb38-4e6f-a490-fe738e55a30a,Arjun Jashani,ipt-goa-grandslam-11-0,api_member_ids,True
531b4b75-e3cf-439f-a0fb-5e83867deff8,Aryan Hemdev,ipt-goa-grandslam-11-0,api_member_ids,True
d53736bd-2d26-4977-9d4f-edb8ddc49ffb,Swaraj Deshmukh,ipt-goa-grandslam-11-0,api_member_ids,True
9db40aca-2be2-4bdd-b807-02ad8bb8bf77,Aditya Jagtap,ipt-goa-grandslam-11-0,api_member_ids,True
cdd858a3-1533-4a7b-bf8b-1b94f0f3b868,Adit Patel,ipt-goa-grandslam-11-0,api_member_ids,True
1cff5d3c-6fd1-4502-a3c5-2b918f107eda,Krishna Teja Ankam,ipt-goa-grandslam-11-0,api_member_ids,True
09ce181d-c08d-4189-ab36-4d4a706f1bcb,Karan Medappa,ipt-goa-grandslam-11-0,api_member_ids,True
783fd411-3a52-446e-90cc-2fcef2baaa51,Varshil Trambadiya,ipt-goa-grandslam-11-0,api_member_ids,True
db64450c-aa4a-4b28-beeb-a84f6a75867b,Premal Javeri,ipt-goa-grandslam-11-0,api_member_ids,True
31049438-40d6-4def-9003-dd2997c61ba1,Gagan Singh,ipt-goa-grandslam-11-0,api_member_ids,True
fe4d1fe1-6ad1-4942-901e-df8580b614d2,Raj Prajapati,ipt-goa-grandslam-11-0,api_member_ids,True
2c982f04-1a03-4d77-9359-5b44f4e5aed2,Vijay Chhabria,ipt-goa-grandslam-11-0,api_member_ids,True
22f71241-5bf4-4dc7-ba33-683a2ea0f75b,Sandip Sabharwal,ipt-goa-grandslam-11-0,api_member_ids,True
65b6eb21-de8a-4528-8567-d6834dcfb20b,Karan Mehrotra,ipt-goa-grandslam-11-0,api_member_ids,True
0df50617-268c-477d-8351-fd6f8ed84a71,Aditya Maheshwari,ipt-goa-grandslam-11-0,api_member_ids,True
c4e5ac58-b4da-413a-b134-eba55f9a1c56,Prabhas Sharma,ipt-goa-grandslam-11-0,api_member_ids,True
7d346033-c0e1-4672-8fd9-7d3361dc8f12,Rhea Mathews,ipt-goa-grandslam-11-0,api_member_ids,True
591d607a-18da-4552-a761-0a66271a2718,Shireen Mahajan,ipt-goa-grandslam-11-0,api_member_ids,True
2be56e26-cc2a-4ecb-a502-ebb83a8212e3,Sia Chawla,ipt-goa-grandslam-11-0,api_member_ids,True
fc0eebf1-8d1a-4109-bd09-41bb7b9aedae,Ritika Choudhary,ipt-goa-grandslam-11-0,api_member_ids,True
f24493ea-3fe2-4286-839f-e2d9f227e629,Padma Veda Manikonda,ipt-goa-grandslam-11-0,api_member_ids,True
70792b71-1549-46eb-bb7d-9b5f2a787281,Tammana Kalra,ipt-goa-grandslam-11-0,api_member_ids,True
f075566a-ec58-4d8e-b389-4380d75fba34,Mansi Malhotra,ipt-goa-grandslam-11-0,api_member_ids,True
78d5d429-c5f3-45a9-896b-b7f9346bbc83,Pooja Kharat,ipt-goa-grandslam-11-0,api_member_ids,True
a8725d43-8928-4958-ace6-183c3a63c538,Steisha Buddhala,ipt-goa-grandslam-11-0,api_member_ids,True
e190ca21-bb25-46b3-965e-bcb2ffcc3fd3,Tulsi Mehta,ipt-goa-grandslam-11-0,api_member_ids,True
8896ebce-7533-4862-a50a-1b22d9ee07fd,Shivani Manjanna,ipt-goa-grandslam-11-0,api_member_ids,True
1c91795e-92c5-444b-aa99-d1e70e063c55,Vaibhavi Deshmukh,ipt-goa-grandslam-11-0,api_member_ids,True
a8f6711d-8415-49af-afc4-f8f9a3913a3e,Estelle Mehta,ipt-goa-grandslam-11-0,api_member_ids,True
ebb05833-4e36-4fbc-977b-1973a5845aba,Kyra Pereira,ipt-goa-grandslam-11-0,api_member_ids,True
8d79c420-b857-43a4-848f-c52aa91153e7,Rajveer Patel,ipt-kochi-city-open-2-0,api_member_ids,True
8c72bdc2-6eff-4537-ba3a-ad4eaadd542d,Shaan Shah,ipt-kochi-city-open-2-0,api_member_ids,True
e6060460-a028-48da-8565-3f9ab0a3075f,Frederick Williams,ipt-kochi-city-open-2-0,api_member_ids,True
91fe8369-14e1-4871-b264-ff9edce13af8,Raghul Arvind,ipt-kochi-city-open-2-0,api_member_ids,True
496acea5-21ec-4eba-8eac-68cc9821538c,Muhammed Ajmal,ipt-kochi-city-open-2-0,api_member_ids,True
062f6e2d-dd0e-47b8-a338-386ae1e7ddc2,Vishal Thomas,ipt-kochi-city-open-2-0,api_member_ids,True
f0f37d22-d27a-4f1a-afed-0f5d3d55f3e0,Junaiz Odakkal,ipt-kochi-city-open-2-0,api_member_ids,True
f455fd74-d0ee-4f00-b838-363eff4730e6,Siddhant Gupta,ipt-kochi-city-open-2-0,api_member_ids,True
b283a295-a9ab-473f-a8f5-ef3c3f5ab0b8,Chacko Cherian,ipt-kochi-city-open-2-0,api_member_ids,True
44dc8a9e-9f0a-4165-b2ce-c4932e2f9eac,Vikaas Chhabria,ipt-kochi-city-open-2-0,api_member_ids,True
4326c4fd-cc21-41e2-a50c-dea545efbf2f,Arvind Sriram,ipt-kochi-city-open-2-0,api_member_ids,True
3a4284ac-76b1-42ec-b6e3-a5c4bb489432,Royce Raju Beena,ipt-kochi-city-open-2-0,api_member_ids,True
fc6dc5ba-b4e3-4b91-983b-fdfb62b164f5,Kaiz Jaffer,ipt-kochi-city-open-2-0,api_member_ids,True
b1863a39-a660-43dd-8e1c-830d77223fe7,Mukund Muthanna,ipt-kochi-city-open-2-0,api_member_ids,True
2890603e-2ceb-476a-ac9d-a06c6c37dd8b,Afdhel Abdul Wahab,ipt-kochi-city-open-2-0,api_member_ids,True
30155bc6-d483-414d-8d5e-17eef06c9f9e,Pranav Erinjery,ipt-kochi-city-open-2-0,api_member_ids,True
a54ba179-7fc9-4533-9eaa-c2c09da3f061,Akhil Bansal,ipt-kochi-city-open-2-0,api_member_ids,True
8b01652a-7f96-41a5-9402-e3404a390669,Nikhil Kalro,ipt-kochi-city-open-2-0,api_member_ids,True
2891f3ff-442b-4b5b-b58c-cd458df7ea72,Kaushik Gummuluru,ipt-kochi-city-open-2-0,api_member_ids,True
c2ae75e9-a8ea-43e9-89b0-df5d44f5fa61,Ayaan Mishra,ipt-kochi-city-open-2-0,api_member_ids,True
a0b09769-2ade-400c-ad97-c3f1d6ada866,George Pottamkulam,ipt-kochi-city-open-2-0,api_member_ids,True
74a7e384-3f53-44ee-80d0-059e3fa60e1c,Arjun Raju,ipt-kochi-city-open-2-0,api_member_ids,True
3ebc54e6-ec4a-42bc-bfcb-67c21e71616a,Bijon Kanabar,ipt-kochi-city-open-2-0,api_member_ids,True
eae761c0-dc5e-44fc-acf1-5229a40242dd,Gopal Mohan,ipt-kochi-city-open-2-0,api_member_ids,True
5e22ce04-3d81-4d0a-ae6b-7fba4bcea448,John Paul,ipt-kochi-city-open-2-0,api_member_ids,True
68516614-5b90-40ce-b11e-09ad9353da5a,Mithun Prabhu,ipt-kochi-city-open-2-0,api_member_ids,True
8bc488d5-c371-499a-b700-0d7a3b96367c,Sanal K M,ipt-kochi-city-open-2-0,api_member_ids,True
de44689c-c743-460c-a4f5-a04b2819a84b,Sonu Vaidyan,ipt-kochi-city-open-2-0,api_member_ids,True
ae03412d-d2a1-4b89-a934-a895d52f8a9d,Raaghav Sharma Bagga,ipt-kochi-city-open-2-0,api_member_ids,True
fed73115-d438-4ece-b3bc-833a35c0af2e,Mohamed Anzar,ipt-kochi-city-open-2-0,api_member_ids,True
9db40aca-2be2-4bdd-b807-02ad8bb8bf77,Aditya Jagtap,ipt-kochi-city-open-2-0,api_member_ids,True
a57ef4ab-a62e-4b71-a4d2-0f267dea2626,Samar Malhotra,ipt-kochi-city-open-2-0,api_member_ids,True
2d665cd5-8589-4301-81c6-25e0ba95fe1a,Naesar Jewoor,ipt-kochi-city-open-2-0,api_member_ids,True
6b49f7ef-e989-4036-816e-f0267d3c3ef0,Saish Shelar,ipt-kochi-city-open-2-0,api_member_ids,True
783fd411-3a52-446e-90cc-2fcef2baaa51,Varshil Trambadiya,ipt-kochi-city-open-2-0,api_member_ids,True
13d6188c-cd2e-4152-a5c2-0b82573143b9,Advait Bahl,ipt-kochi-city-open-2-0,api_member_ids,True
d53736bd-2d26-4977-9d4f-edb8ddc49ffb,Swaraj Deshmukh,ipt-kochi-city-open-2-0,api_member_ids,True
cdd858a3-1533-4a7b-bf8b-1b94f0f3b868,Adit Patel,ipt-kochi-city-open-2-0,api_member_ids,True
b4c1f987-ed1c-41b2-bed1-839e3b47d5ff,Syed Imran Yusoof,ipt-kochi-city-open-2-0,api_member_ids,True
fa06f6d6-52b5-4d4f-a829-ff09c88c33d2,Arun Chery Jacob,ipt-kochi-city-open-2-0,api_member_ids,True
fa1fe9c8-1531-42da-8355-e7a0052ab3a2,Rajiv Dutt,ipt-kochi-city-open-2-0,api_member_ids,True
f7839dcf-c6f8-47ef-ab89-7261268a37a2,Sandeep Louis,ipt-kochi-city-open-2-0,api_member_ids,True
4ea58301-befa-4fac-8bca-101214a186c8,Niti Mehta,ipt-kochi-city-open-2-0,api_member_ids,True
ada1590f-1a1e-4731-8de2-57450fdc001d,Devi Nayar,ipt-kochi-city-open-2-0,api_member_ids,True
0d1e6d6a-d91e-406e-9088-b28c062da1fc,Raksha Bhaskar,ipt-kochi-city-open-2-0,api_member_ids,True
209435a7-517e-45e7-808c-3040c999398d,Neeti Nayak,ipt-kochi-city-open-2-0,api_member_ids,True
2063b58b-76ed-4ada-9d3d-31709f9a26db,Sareeka John,ipt-kochi-city-open-2-0,api_member_ids,True
b50974c2-24ef-4080-bd3d-e76b22b7e05e,Rebecca Puthumana,ipt-kochi-city-open-2-0,api_member_ids,True
7b2f6fd9-392c-477e-8c2e-ee3878c1f0e8,Rahil Patel,mumbai-city-open-5-01,api_member_ids,True
26ba9e18-b56b-4e13-b403-bd9cce25671d,Sahil Sharma,mumbai-city-open-5-01,api_member_ids,True
56d2d7ff-1ad3-488b-9496-772430716c16,Bhavik Talreja,mumbai-city-open-5-01,api_member_ids,True
c83a9f33-0d4f-4f6d-b21f-1cfc425dfe69,Aahan Jhaveri,mumbai-city-open-5-01,api_member_ids,True
f98b87d6-af21-4087-a820-178b4220e325,Prem Mirchandani,mumbai-city-open-5-01,api_member_ids,True
27f580ae-22a7-4519-a7e9-f48e69c6eed0,Arjun Batra,mumbai-city-open-5-01,api_member_ids,True
94c4c35e-7619-4848-99bc-6a986912e931,Abhishek Yadev,mumbai-city-open-5-01,api_member_ids,True
57930f5b-8782-4de1-b779-d757f0540e52,Shaan Javeri,mumbai-city-open-5-01,api_member_ids,True
8c72bdc2-6eff-4537-ba3a-ad4eaadd542d,Shaan Shah,mumbai-city-open-5-01,api_member_ids,True
e3869e84-3ac2-4379-98af-296be1b0d317,Ronak Daftary,mumbai-city-open-5-01,api_member_ids,True
16b8462e-31e2-4614-9a5f-57ee20aefb03,Burhan Contractor,mumbai-city-open-5-01,api_member_ids,True
25302fe3-7403-440f-bd2a-3d5be3a3f0a1,Chirag Gaikwad,mumbai-city-open-5-01,api_member_ids,True
f455fd74-d0ee-4f00-b838-363eff4730e6,Siddhant Gupta,mumbai-city-open-5-01,api_member_ids,True
ce749702-5f83-4cd5-b821-45aeaf7f9848,Neville Wadia,mumbai-city-open-5-01,api_member_ids,True
6cdc4da7-096f-4c21-a48e-4183e606d2ef,Samkit Shah,mumbai-city-open-5-01,api_member_ids,True
c15288d2-2aa6-4007-b2f0-9871ff97b432,Jimit Sanghani,mumbai-city-open-5-01,api_member_ids,True
c510921b-3d7b-42b1-8671-86a367a752e3,Junaid Sopariwala,mumbai-city-open-5-01,api_member_ids,True
7a806e55-76b1-406f-b870-2ed511dccdc9,Nandish Shah,mumbai-city-open-5-01,api_member_ids,True
6bfd1277-761c-46c8-9e40-cbce3df40c13,Arnav Tanna,mumbai-city-open-5-01,api_member_ids,True
716df803-2711-44e0-99a3-c5d59dfde298,Habib Latif,mumbai-city-open-5-01,api_member_ids,True
a74d7503-db0f-4bca-a110-dd6096dd51a3,Ankit Bhalwankar,mumbai-city-open-5-01,api_member_ids,True
5fb018f5-d23c-474c-9d85-c7acd4b03f0f,Anshul Gosavi,mumbai-city-open-5-01,api_member_ids,True
f20c5650-e73d-4731-a1b5-5b89be6d623d,Karan Tandon,mumbai-city-open-5-01,api_member_ids,True
b45f586c-585b-494e-a806-5f9abfe242fb,Siddharth Sanghai,mumbai-city-open-5-01,api_member_ids,True
523ad7a9-7183-4c35-ab10-58045485d4bb,Pratik Bhatia,mumbai-city-open-5-01,api_member_ids,True
ad7a226c-306a-42ae-ad22-7cdd8beb4077,Ahmed Merchant,mumbai-city-open-5-01,api_member_ids,True
2bde84bf-0871-496d-836c-05d90139b08d,Rohan Dhoot,mumbai-city-open-5-01,api_member_ids,True
61d2b099-ebaa-47de-8a92-2a080317a0a7,Siddharth Kadam,mumbai-city-open-5-01,api_member_ids,True
c175f136-838a-48d3-9f95-cb8f568a8355,Rahul Parkash,mumbai-city-open-5-01,api_member_ids,True
b8eb1e10-ea5c-4422-835e-d6b7bf8f381f,Vansh Bhagtani,mumbai-city-open-5-01,api_member_ids,True
5efe3810-7452-45ba-9911-ef58eb490a3f,Chaitanya Shah,mumbai-city-open-5-01,api_member_ids,True
5854e023-8f2c-4811-82ed-0e54efaf63ec,Rahul Motwani,mumbai-city-open-5-01,api_member_ids,True
433ad480-92da-44d3-b432-953719fa8ea3,Taran Mundkar,mumbai-city-open-5-01,api_member_ids,True
d53736bd-2d26-4977-9d4f-edb8ddc49ffb,Swaraj D,mumbai-city-open-5-01,api_member_ids,True
25361116-4f57-4024-b424-a8246e491c54,Shashank Mittal,mumbai-city-open-5-01,api_member_ids,True
783fd411-3a52-446e-90cc-2fcef2baaa51,Varshil Trambadiya,mumbai-city-open-5-01,api_member_ids,True
13d6188c-cd2e-4152-a5c2-0b82573143b9,Advait Bahl,mumbai-city-open-5-01,api_member_ids,True
cdd858a3-1533-4a7b-bf8b-1b94f0f3b868,Adit Patel,mumbai-city-open-5-01,api_member_ids,True
bf973053-492f-4dca-a909-7310fa8693f9,Parikshit Somani,mumbai-city-open-5-01,api_member_ids,True
531b4b75-e3cf-439f-a0fb-5e83867deff8,Aryan Hemdev,mumbai-city-open-5-01,api_member_ids,True
06a4aeef-aaca-45ef-a83a-cb3c703c9789,Mihir Akolkar,mumbai-city-open-5-01,api_member_ids,True
e9aef618-db1c-42e9-a0ed-c3050a376e4f,Manav Sreekumar,mumbai-city-open-5-01,api_member_ids,True
2c982f04-1a03-4d77-9359-5b44f4e5aed2,Vijay Chhabria,mumbai-city-open-5-01,api_member_ids,True
16def632-d48e-4678-81b5-1316aedb049c,Akshay Jalan,mumbai-city-open-5-01,api_member_ids,True
552316ca-e9d1-4efc-a4a6-c8cfec01f68d,Navroze Marshall,mumbai-city-open-5-01,api_member_ids,True
4a3ed922-b521-4c51-9346-83d47b493813,Ankit Zaveri,mumbai-city-open-5-01,api_member_ids,True
b4c1f987-ed1c-41b2-bed1-839e3b47d5ff,Syed Imran Yusoof,mumbai-city-open-5-01,api_member_ids,True
3b3fe796-88b7-4a76-a7e3-e67f0a4a5b7a,Pratik Doshi,mumbai-city-open-5-01,api_member_ids,True
0df50617-268c-477d-8351-fd6f8ed84a71,Aditya Maheshwari,mumbai-city-open-5-01,api_member_ids,True
a66e6971-acb3-41a9-afd1-95c516c348ea,Atul Gupta,mumbai-city-open-5-01,api_member_ids,True
cc0d0226-d2bc-4c4a-ab6f-9225b03becc6,Gehna Datwani,mumbai-city-open-5-01,api_member_ids,True
e6544941-7855-4961-9952-2ab8b4731763,Anam Sumar,mumbai-city-open-5-01,api_member_ids,True
a84c245a-00fe-4ed3-b3a4-75028b634941,Pooja Bhammer,mumbai-city-open-5-01,api_member_ids,True
a89dd697-d603-4ea7-a6b6-610d8328aabe,Gayathri Sanjeev,mumbai-city-open-5-01,api_member_ids,True
82a22690-4c94-47e8-99c1-8e1c89f71916,Manvi Chaudhary,mumbai-city-open-5-01,api_member_ids,True
7ddc1ace-4a2d-41ea-89a5-f37a29752e63,Janita Bhandari,mumbai-city-open-5-01,api_member_ids,True
e96f99c4-060b-4dc8-8800-155d8e8fdbbc,Nikita Hingorani,mumbai-city-open-5-01,api_member_ids,True
cf8b7d94-b472-4c15-b10e-a112da1d3143,Sanya Khan,mumbai-city-open-5-01,api_member_ids,True
27971b18-d7dd-4eff-8ce5-6ecc8ead85b0,Vera desai,mumbai-city-open-5-01,api_member_ids,True
477f11d3-787d-4419-b0f5-23b7f94a4a51,Vanshika Kaji,mumbai-city-open-5-01,api_member_ids,True
7a23263c-f0d4-4b39-a8ea-16d1a195f91e,Leesha Shah,mumbai-city-open-5-01,api_member_ids,True
481f14a2-6a1c-4826-a67c-e8c50be8bc51,Roshni Dadachanji,mumbai-city-open-5-01,api_member_ids,True
739a853c-ae03-4719-ba64-a326c87ccd84,Sahitra Ghurye,mumbai-city-open-5-01,api_member_ids,True
78d5d429-c5f3-45a9-896b-b7f9346bbc83,Pooja Kharat,mumbai-city-open-5-01,api_member_ids,True
d2d7929c-5515-4860-bcc3-871b25fdf56e,Aashna Sanghvi,mumbai-city-open-5-01,api_member_ids,True
d7b11e8a-e252-4721-9b62-227fb11e43c2,Shraddha Damani,mumbai-city-open-5-01,api_member_ids,True
261c3899-f32d-4861-a046-8b36ccf6123a,Tishya Sagar,mumbai-city-open-5-01,api_member_ids,True
a8f6711d-8415-49af-afc4-f8f9a3913a3e,Estelle Mehta,mumbai-city-open-5-01,api_member_ids,True
dbd6997d-2211-4a51-9d0e-0676e2966060,Kimaya Mehta,mumbai-city-open-5-01,api_member_ids,True
2fb6f01b-24d6-44e9-95d3-7eca645d317e,Teyjas Chaudhary,ipt-goa-grandslam-11-0,api_member_ids,True
5e02eee8-3dff-4b01-a9b2-62b430787c78,Vaibhav Malik,ipt-goa-grandslam-11-0,api_member_ids,True
7ab2bcb6-be63-4241-a6d3-b1cf30b170f4,Pratik Makkar,ipt-goa-grandslam-11-0,api_member_ids,True
6892cafd-242b-468e-a1aa-cd2523e083a6,Kushe Bahl,ipt-goa-grandslam-11-0,api_member_ids,True
ac9d1c3d-1aac-4acc-8ad0-1325faa75e44,Priynash Kothari,ipt-goa-grandslam-11-0,api_member_ids,True
6c67db09-ad9a-46d3-a0a3-5c4e7687587d,Aman Goyal,ipt-goa-grandslam-11-0,api_member_ids,True
50389e26-ef8f-483a-a55a-97f02076536c,Maurya Nagpal,ipt-goa-grandslam-11-0,api_member_ids,True
938c8f3a-d36f-47ea-b7bf-7fcd7aabacdd,Sahil Kaushal,ipt-goa-grandslam-11-0,api_member_ids,True
a821843c-1fe8-46ab-a563-39a2ac3b982e,Vishnu Shetty,ipt-goa-grandslam-11-0,api_member_ids,True
fee9acbd-1e47-4ec5-a495-f49bad8748e6,Angad Puar,ipt-goa-grandslam-11-0,api_member_ids,True
6677f696-648f-478e-b018-13a839d6a34e,Shashank Tiwari,ipt-goa-grandslam-11-0,api_member_ids,True
b6fcd7bf-693d-40ad-adbc-a23632357bf9,Joshua Lobo Partner,ipt-goa-grandslam-11-0,api_member_ids,True
3767fb18-b855-41eb-88d4-701e4cb81126,Mayank Oberoi,ipt-goa-grandslam-11-0,api_member_ids,True
b1863a39-a660-43dd-8e1c-830d77223fe7,Mukund Muthanna,ipt-goa-grandslam-11-0,api_member_ids,True
4a6e40bd-2cd4-4535-95f1-ba51a03f719d,Nishad Shevde,ipt-goa-grandslam-11-0,api_member_ids,True
8bb372e9-13f6-40be-9f1d-add1395ec813,Kriday Sethi,ipt-goa-grandslam-11-0,api_member_ids,True
79665684-6161-45de-af8d-bff8b2fb798a,Arik Badami,ipt-goa-grandslam-11-0,api_member_ids,True
c1023ad9-075c-47e5-b684-c5bdb4bbf31a,Gandharv Bajaj,ipt-goa-grandslam-11-0,api_member_ids,True
1fe46b92-d550-4c02-81f6-489cb553411b,Parth Bhatia,ipt-goa-grandslam-11-0,api_member_ids,True
1ef2542e-4b4d-481d-ad8f-dc4e9fde3982,Rahul Khanna,ipt-goa-grandslam-11-0,api_member_ids,True
c1fac66c-3ce8-43d8-8c0c-85d463264584,Siddharth Satheesan,ipt-goa-grandslam-11-0,api_member_ids,True
8850ef35-01ed-405d-acb6-6bd23a45b747,Vaibhav Sahni,ipt-goa-grandslam-11-0,api_member_ids,True
cb8b4fb5-f72f-42c7-94c1-b7963e5c6e68,Suyash Vishnoi,ipt-goa-grandslam-11-0,api_member_ids,True
8f0e0463-82c3-4822-8b7e-58ec37cde83e,Yugantar Malhotra,ipt-goa-grandslam-11-0,api_member_ids,True
9dd10c8d-d850-4642-9043-7431470cebc9,Ronak Bhojani,ipt-goa-grandslam-11-0,api_member_ids,True
b178e479-c490-48b3-85f0-5c8443c1bad4,Tushar Jain,ipt-goa-grandslam-11-0,api_member_ids,True
7f46ff27-3043-4e9f-bdc5-c97c8b590e83,Karan Bansal,ipt-goa-grandslam-11-0,api_member_ids,True
a49f1be2-0fd0-4ea7-81e9-c04f42d129ed,Anuj Vaghani,ipt-goa-grandslam-11-0,api_member_ids,True
db4244f2-196a-41e4-bd02-f90ae3ea565b,Hritesh Agarwal,ipt-goa-grandslam-11-0,api_member_ids,True
33c37317-e796-4dae-9697-19aa9df046bd,Jatin Dhingra,ipt-goa-grandslam-11-0,api_member_ids,True
f3fe6938-52ee-41b1-af50-ec82c5c39f31,Sandeep Chawla,ipt-goa-grandslam-11-0,api_member_ids,True
2cf42324-1463-4d64-b9e2-1a6b89ead090,Vineeth Mutyala,ipt-goa-grandslam-11-0,api_member_ids,True
5b4e9c11-4974-4fcc-bd97-31bf8e12050d,Sheriar Mazda,ipt-goa-grandslam-11-0,api_member_ids,True
a791964a-f0c5-42b4-8325-828bd695b346,Shikhar Kumar,ipt-goa-grandslam-11-0,api_member_ids,True
f6c641f1-29cd-45ed-b4df-1421d76f48d3,Abhinav Grover,ipt-goa-grandslam-11-0,api_member_ids,True
29e75609-025c-485b-a40a-969d2ce6e6bc,Paramveer Bajwa,ipt-goa-grandslam-11-0,api_member_ids,True
06a4aeef-aaca-45ef-a83a-cb3c703c9789,Mihir Akolkar,ipt-goa-grandslam-11-0,api_member_ids,True
33da4499-d5cc-4c4c-9002-f405f2051d1b,Ishaan Choubal,ipt-goa-grandslam-11-0,api_member_ids,True
7078cecf-5699-43ef-aefe-dd1c239e92ba,Bhagya Popat,ipt-goa-grandslam-11-0,api_member_ids,True
4c979aa0-e703-43c6-b4e0-1fb8e52cd678,Piyush Bansal,ipt-goa-grandslam-11-0,api_member_ids,True
6dc1ecef-b2d9-4579-a1d0-c69e2553a65c,Tanay Mehta,ipt-goa-grandslam-11-0,api_member_ids,True
a57ef4ab-a62e-4b71-a4d2-0f267dea2626,Samar Malhotra,ipt-goa-grandslam-11-0,api_member_ids,True
182f09bb-25ba-4086-99ca-a7f5a52303bf,Kaivalya Kalamse,ipt-goa-grandslam-11-0,api_member_ids,True
5b3d8985-ba2b-4840-96cb-df23c6bd1347,Krishiv Patel,ipt-goa-grandslam-11-0,exact_name_guest_record,True
d08e2513-3bf5-441c-aace-831129099cc4,Kavin Vendan,ipt-goa-grandslam-11-0,api_member_ids,True
cbb558aa-ee6a-4b58-8184-8b54946a838f,Gundlapalle Yaswanth Reddy,ipt-goa-grandslam-11-0,api_member_ids,True
fde56650-1b21-4853-b436-dd3221ff502d,Shane Biddaiah,ipt-goa-grandslam-11-0,api_member_ids,True
8730ad11-d9e2-4028-bd65-065e792eee00,Antariksh Mohandas,ipt-goa-grandslam-11-0,api_member_ids,True
60389725-28d6-400f-82ff-ab2e9382e011,Harshvardhan Sharma,ipt-goa-grandslam-11-0,api_member_ids,True
08fc8e21-4850-4e09-89e9-2ba0c2c8c9ef,Jonas Spinoy,ipt-goa-grandslam-11-0,api_member_ids,True
facc6960-33ef-4c75-ab10-4a2a8ad00b6c,Ashwin Saksena,ipt-goa-grandslam-11-0,api_member_ids,True
c6ad7320-117c-4e7a-a4a6-e4c99fb34e23,Rupen Jhaveri,ipt-goa-grandslam-11-0,api_member_ids,True
5602dbe5-4321-43e1-8b1c-e558a9fed127,Saurabh Vijewargia,ipt-goa-grandslam-11-0,api_member_ids,True
3cfbe0a0-f37c-4129-b3a5-157f4bf5b859,James Darbar,ipt-goa-grandslam-11-0,api_member_ids,True
16def632-d48e-4678-81b5-1316aedb049c,Akshay Jalan,ipt-goa-grandslam-11-0,api_member_ids,True
9c5bc958-4151-4973-89f7-09068809dfb1,Shashin Shah,ipt-goa-grandslam-11-0,api_member_ids,True
c756f978-ba35-409f-86be-7892c3b38bea,Dinika Thomas,ipt-goa-grandslam-11-0,api_member_ids,True
a6242ca3-df1f-43fa-bde1-8577a761d180,Sukhmani Grewal,ipt-goa-grandslam-11-0,api_member_ids,True
6e62c2a4-bd95-41f8-bd17-901a78994ae1,Armaan Mann,ipt-goa-grandslam-11-0,api_member_ids,True
1d670f4c-32a6-4341-9321-cd7d9f173538,Nupur Gupta,ipt-goa-grandslam-11-0,api_member_ids,True
44b79474-da87-43ad-a4b8-204252d87b30,Sameeksha Annem,ipt-goa-grandslam-11-0,api_member_ids,True
553e7592-683c-4750-be8f-57098fc7d7bd,Anmol Malhotra,ipt-goa-grandslam-11-0,api_member_ids,True
89799665-84e8-4c12-bb0d-dd8b4dc58ca2,Rubani Sidhu,ipt-goa-grandslam-11-0,api_member_ids,True
d0b617f9-dfee-470a-9b18-020c2c90521e,Shabri Agarwal,ipt-goa-grandslam-11-0,api_member_ids,True
c02126c6-4418-4f24-8895-867c3e3c89c2,Amy Bundhel,ipt-goa-grandslam-11-0,api_member_ids,True
d7b11e8a-e252-4721-9b62-227fb11e43c2,Shraddha Damani,ipt-goa-grandslam-11-0,api_member_ids,True
ccedebb9-64af-42b4-bca1-e01d0b2c1ef5,Prarthana Prathap,ipt-goa-grandslam-11-0,api_member_ids,True
2ecd3163-09e3-40b5-bd3b-d817112479b0,Namita Bal,ipt-goa-grandslam-11-0,api_member_ids,True
ea8745f7-50a3-4a17-ae4e-5d13d042ceb4,Anisha Mirchandani,ipt-goa-grandslam-11-0,api_member_ids,True
214fa58d-dcf2-4b0b-888f-f2a2341ae45b,Amaya Kothari,ipt-goa-grandslam-11-0,api_member_ids,True
6bfd1277-761c-46c8-9e40-cbce3df40c13,Arnav Tanna,ipt-kochi-city-open-2-0,api_member_ids,True
22f71241-5bf4-4dc7-ba33-683a2ea0f75b,Sandip Sabharwal,ipt-kochi-city-open-2-0,api_member_ids,True
67831462-6847-49e1-bb2d-fea92e021af6,Venkatesh Anilkumar,ipt-kochi-city-open-2-0,api_member_ids,True
aef676e5-8cb2-47d3-a13f-4d68a9085e96,Subramanian Shivshankaran,ipt-kochi-city-open-2-0,api_member_ids,True
d647ebc2-b81c-41ed-a991-3bdac08e4f0b,Aravind Kannan,ipt-kochi-city-open-2-0,api_member_ids,True
5d868212-b694-4b7c-9e87-8bbcdff3a37e,Terence Thomas,ipt-kochi-city-open-2-0,api_member_ids,True
b1c844a3-4542-40b3-8abc-7bd5de93f10b,Aadil Abdul Azeez,ipt-kochi-city-open-2-0,api_member_ids,True
501de0a7-5fb6-460c-9209-2cb9e1c6ab7d,Aman Makan,ipt-kochi-city-open-2-0,api_member_ids,True
8af8e92c-8ebb-49ed-80bd-694b441357f8,Joseph Korah,ipt-kochi-city-open-2-0,api_member_ids,True
d5e77120-edf1-4cae-b40a-26c7256c3252,Vedanth P Patel,ipt-kochi-city-open-2-0,api_member_ids,True
bee8d4fd-f40c-486b-942b-5a4fdfc3306f,Ananth Menon,ipt-kochi-city-open-2-0,api_member_ids,True
b0670242-4895-4197-85fa-31c10b0953e7,James Joseph,ipt-kochi-city-open-2-0,api_member_ids,True
5b6730d4-a1a1-4cd3-97ec-3423545be5cd,Varun Dattani,ipt-kochi-city-open-2-0,api_member_ids,True
c005054e-b3f8-434d-a338-10ba4fd1b0fb,Mukund Muthanna Partner,ipt-kochi-city-open-2-0,api_member_ids,True
4c97d826-5756-4858-b292-b21827ad555e,Salman Shaji,ipt-kochi-city-open-2-0,api_member_ids,True
402747a2-1ebf-400b-8f55-50dcfee08030,Aldrith Fernandez,ipt-kochi-city-open-2-0,api_member_ids,True
ab58ef43-8f50-4f4e-a45b-1087ae59ee35,Nikhil Bansal,ipt-kochi-city-open-2-0,api_member_ids,True
f6c641f1-29cd-45ed-b4df-1421d76f48d3,Abhinav Grover,ipt-kochi-city-open-2-0,api_member_ids,True
c1bb2e34-e142-4eb8-b132-d84e8c734bb7,Sai Ram Goud,ipt-kochi-city-open-2-0,api_member_ids,True
1f8700c4-6a62-4646-95cd-9b2d456baf65,Viraj Dewan,ipt-kochi-city-open-2-0,api_member_ids,True
26582647-4a0f-456e-86d7-98b5087f3875,Amit Krishnan,ipt-kochi-city-open-2-0,api_member_ids,True
9a0ca379-deee-41c9-ad19-ab63a46719c4,Ganesh Raj,ipt-kochi-city-open-2-0,api_member_ids,True
ff462e1c-14e0-4792-9215-29ecaeed1cfa,Pranay Shetty,ipt-kochi-city-open-2-0,api_member_ids,True
e7f18fca-e2a6-4ee7-9045-df813ab9fd91,Nikhil George,ipt-kochi-city-open-2-0,api_member_ids,True
5ff0e80a-e07e-4469-a2a2-01d6a9c3f00b,Falib Jaleel,ipt-kochi-city-open-2-0,api_member_ids,True
2bb102f2-5c3a-48b1-ae95-ce7f8d38b17f,Akshith Thomas,ipt-kochi-city-open-2-0,api_member_ids,True
48382568-087c-4c34-ab92-46d2680916f1,Nigel Paul,ipt-kochi-city-open-2-0,api_member_ids,True
871ebc0d-cdac-4056-99c1-8181ed74b338,Sadic Ashraf,ipt-kochi-city-open-2-0,api_member_ids,True
91d8198e-2679-4c96-9b3e-4da14d39b69e,Yuvraj mehta,ipt-kochi-city-open-2-0,api_member_ids,True
1dfc79f8-119b-4349-a2f9-a6e7c425a8e9,Dirsha Kalliyath,ipt-kochi-city-open-2-0,api_member_ids,True
5b3d8985-ba2b-4840-96cb-df23c6bd1347,Krishiv Patel,ipt-kochi-city-open-2-0,api_member_ids,True
46d8e856-a32f-4060-bf62-6b24fb9e6a8d,Aryan Goveas,ipt-kochi-city-open-2-0,api_member_ids,True
604edc4e-0143-476a-aec6-c89b715f6949,Siddharth Dabrai,ipt-kochi-city-open-2-0,api_member_ids,True
06a4aeef-aaca-45ef-a83a-cb3c703c9789,Mihir Akolkar,ipt-kochi-city-open-2-0,api_member_ids,True
8730ad11-d9e2-4028-bd65-065e792eee00,Antariksh Mohandas,ipt-kochi-city-open-2-0,api_member_ids,True
3354c5a3-1dbf-47e7-a264-7a573cd0b8e5,Kabir Anand,ipt-kochi-city-open-2-0,api_member_ids,True
182f09bb-25ba-4086-99ca-a7f5a52303bf,Kaivalya Kalamse,ipt-kochi-city-open-2-0,api_member_ids,True
d08e2513-3bf5-441c-aace-831129099cc4,Kavin Vendan,ipt-kochi-city-open-2-0,api_member_ids,True
7f57a645-a475-4ec7-9b29-0b7812a9931d,Kunal Premnarayan,ipt-kochi-city-open-2-0,api_member_ids,True
46f5ebb2-2b23-4e22-9c71-46c842dd2653,Abhilash Joshi,ipt-kochi-city-open-2-0,api_member_ids,True
3fec5bf1-2cb9-4cd6-a965-e0bb6f7079d8,Mahesh Shinde,ipt-kochi-city-open-2-0,api_member_ids,True
cf4e6dfa-ee51-4ee3-8b1c-cd6173e3955f,Vivek Venugopal,ipt-kochi-city-open-2-0,api_member_ids,True
ed4faf6e-8a73-488d-a79c-8333c5c5b276,Alisha Aggarwal,ipt-kochi-city-open-2-0,api_member_ids,True
906ad64f-35a3-46f3-ae7f-daab378c1e5c,Aswti Mannali,ipt-kochi-city-open-2-0,api_member_ids,True
7141790d-4b03-4a8c-b605-9a3273191dcd,Gayatri Nair,ipt-kochi-city-open-2-0,api_member_ids,True
516fd38b-6201-44a3-8106-4f7f7425fe74,Urmi Kothari,ipt-kochi-city-open-2-0,api_member_ids,True
985b2093-d841-4049-8765-cc0340751f8c,Shubha Abhilash,ipt-kochi-city-open-2-0,api_member_ids,True
5b68e925-0f23-4eb8-9dc9-c3f13a8a8813,Deepthi J S,ipt-kochi-city-open-2-0,api_member_ids,True
8d79c420-b857-43a4-848f-c52aa91153e7,Rajveer Patel,mumbai-city-open-5-01,api_member_ids,True
222a0e4a-457f-42ef-bedc-cea1892b3280,Umesh Padwal,mumbai-city-open-5-01,api_member_ids,True
b5542378-9f9f-457b-a71a-d59aef310080,Rohan Maniar,mumbai-city-open-5-01,api_member_ids,True
18098d77-da96-47f5-8a0d-23460d6bdca8,Devansh Somani,mumbai-city-open-5-01,api_member_ids,True
3480aff3-e63a-4c82-bc4d-d37555b3f964,Bipin Grewal,mumbai-city-open-5-01,api_member_ids,True
48e4e396-7184-498c-a7be-2edc05971b23,Jashan Singh Arora,mumbai-city-open-5-01,api_member_ids,True
63668ef8-aaa9-4524-9827-c84f3f2d757e,Priyank Makwana,mumbai-city-open-5-01,api_member_ids,True
f890ec3e-8c23-439c-9ea1-cbb778891771,Arjun Malhotra,mumbai-city-open-5-01,api_member_ids,True
6892cafd-242b-468e-a1aa-cd2523e083a6,Kushe Bahl,mumbai-city-open-5-01,api_member_ids,True
fb63a62c-b1a0-4af6-b540-9ba4ba276976,Anirudh Jain,mumbai-city-open-5-01,api_member_ids,True
0a0db4ab-db0a-4dd7-a8d3-7a40715b83bd,Advaith Anoop,mumbai-city-open-5-01,api_member_ids,True
7c42f3a3-ec0a-44a1-8fa3-3cd5b58569c0,Harman Singh Tur,mumbai-city-open-5-01,api_member_ids,True
82aba01f-d352-48ba-a4dc-7f5974a5ffde,Naville Prakash,mumbai-city-open-5-01,api_member_ids,True
3354c5a3-1dbf-47e7-a264-7a573cd0b8e5,Kabir Anand,mumbai-city-open-5-01,api_member_ids,True
ea36ad45-24c2-4b1d-b812-8ebcf72eb5b2,Rahul Chandwani,mumbai-city-open-5-01,api_member_ids,True
ec5f0519-a767-4bff-976f-62cac2d931c5,Rohit S,mumbai-city-open-5-01,api_member_ids,True
e4099cdf-1b05-4993-afa7-214dcbc071b1,Tabrez Sopariwala,mumbai-city-open-5-01,api_member_ids,True
7af61236-508f-4495-a2ee-a840e590d19a,Farhan Patrawala,mumbai-city-open-5-01,api_member_ids,True
9809aae4-939b-4443-9dd8-bfe1d06ca943,Qahhar Padamsee,mumbai-city-open-5-01,api_member_ids,True
58e20dcc-ea00-430a-b0bb-ca3e7f99ec7d,Salman Damani,mumbai-city-open-5-01,api_member_ids,True
f5db5ed7-b6ba-4ce3-bce7-b0593ce1d8d5,Rajesh Shing,mumbai-city-open-5-01,api_member_ids,True
042630ef-be7b-401e-9a56-2bdbd27b005b,Ronak Talati,mumbai-city-open-5-01,api_member_ids,True
c440118a-4188-4779-ac49-e31b9bd9398d,Anjan Vachhani,mumbai-city-open-5-01,api_member_ids,True
cc2048b8-ce98-46c7-9918-b3dbdf5b0385,Annanya Agarwal,mumbai-city-open-5-01,api_member_ids,True
ranked-kaustubh-thakur,Kaustubh Thakur,mumbai-city-open-5-01,exact_name_guest_record,True
ab6b85a1-dd20-44e5-893f-e488cc31bb88,Abdul Rehman,mumbai-city-open-5-01,api_member_ids,True
dacff7ad-842d-4f12-8adb-bf190bfb6eb2,Karan Daftary,mumbai-city-open-5-01,api_member_ids,True
e9405a6b-358f-49d5-8f1e-b1104d1f6a95,Ishan Jindal,mumbai-city-open-5-01,api_member_ids,True
7f9b1fbf-d6db-428b-9117-7a8b136e2a63,Ishaan Choksi,mumbai-city-open-5-01,api_member_ids,True
0346bf27-30fb-409c-8bd4-bdbb1f7119cd,Yash Nagdev,mumbai-city-open-5-01,api_member_ids,True
9db40aca-2be2-4bdd-b807-02ad8bb8bf77,Aditya Jagtap,mumbai-city-open-5-01,api_member_ids,True
46d8e856-a32f-4060-bf62-6b24fb9e6a8d,Aryan Goveas,mumbai-city-open-5-01,api_member_ids,True
a57ef4ab-a62e-4b71-a4d2-0f267dea2626,Samar Malhotra,mumbai-city-open-5-01,api_member_ids,True
182f09bb-25ba-4086-99ca-a7f5a52303bf,Kaivalya Kalamse,mumbai-city-open-5-01,api_member_ids,True
310f748b-4718-461d-aa46-f7537fcfa9e5,Tanay Gabhawala,mumbai-city-open-5-01,api_member_ids,True
8730ad11-d9e2-4028-bd65-065e792eee00,Antariksh Mohandas,mumbai-city-open-5-01,api_member_ids,True
7078cecf-5699-43ef-aefe-dd1c239e92ba,Bhagya Popat,mumbai-city-open-5-01,api_member_ids,True
9140618c-3629-4b96-9a53-39084fc8aa5e,Abhishek Gupta,mumbai-city-open-5-01,api_member_ids,True
29e75609-025c-485b-a40a-969d2ce6e6bc,Paramveer Singh Bajwa,mumbai-city-open-5-01,api_member_ids,True
d1274dd2-48b5-46b9-9049-6a6bcc38fd2e,Porus Shroff,mumbai-city-open-5-01,api_member_ids,True
6b49f7ef-e989-4036-816e-f0267d3c3ef0,Saish Shelkar,mumbai-city-open-5-01,api_member_ids,True
b0ab65aa-1c74-4f18-943e-2e151c440ef4,Omar Sumar,mumbai-city-open-5-01,api_member_ids,True
b63ed71b-e58d-4b28-a67e-2d0c64ed5f62,Sidraj Shah,mumbai-city-open-5-01,api_member_ids,True
3f2fcf21-952f-4b68-9b43-539d6b1ade27,Navin Shewakramani,mumbai-city-open-5-01,api_member_ids,True
9b9ab185-d5f9-4822-9f86-98dcee737260,Subal Anand,mumbai-city-open-5-01,api_member_ids,True
1ba7872b-25a9-4395-b046-84d1fdeff538,Viral Somaiya,mumbai-city-open-5-01,api_member_ids,True
7f57a645-a475-4ec7-9b29-0b7812a9931d,Kunal Premnarayen,mumbai-city-open-5-01,api_member_ids,True
6ec925af-f358-475a-9fd4-37dfcbb1795d,Harsh Parekh,mumbai-city-open-5-01,api_member_ids,True
8e2d5864-afb0-4dac-88da-4ff402bee428,Anand kothari,mumbai-city-open-5-01,api_member_ids,True
6878b0c2-2144-404e-ad97-45159eca8fc8,Ankit Doshi,mumbai-city-open-5-01,api_member_ids,True
bc94050e-cb46-4042-90af-59816fe42f5b,Sanaya Sabharwal,mumbai-city-open-5-01,api_member_ids,True
14a281a9-7a22-4c0a-bf96-f19abc4a6bd1,Rasha Sumar,mumbai-city-open-5-01,api_member_ids,True
ad10e469-9f1c-4814-a624-01e88f087c2e,Ishita Dharnidharka,mumbai-city-open-5-01,api_member_ids,True
c70940a7-129d-4162-abf3-eec1f85f502c,Sunaina Vasudev,mumbai-city-open-5-01,api_member_ids,True
97f6ab71-c2c1-47e8-a0b0-6b2a1eeef2c8,Kimberly Fernandez,mumbai-city-open-5-01,api_member_ids,True
9802f076-2946-4c70-b7af-2160f581c889,Tara Alisha Berry,mumbai-city-open-5-01,api_member_ids,True
9e152937-edcc-4e21-b44d-ae8474746725,Dheeya Somaiya,mumbai-city-open-5-01,api_member_ids,True
76c439ce-ed6a-4d86-b384-38a843b6a4ee,Sonia Rathee,mumbai-city-open-5-01,api_member_ids,True
f4728606-c9b2-4973-b3b5-68149311c1bc,Tanushri Biyani,mumbai-city-open-5-01,api_member_ids,True
fb9074c7-a16f-471f-89f8-13ead764d055,Priyanka Kapadia,mumbai-city-open-5-01,api_member_ids,True
1729d84b-2971-4f94-b903-afcce8dc4619,Diu Somani,mumbai-city-open-5-01,api_member_ids,True
f8b29fd9-6a1b-4c15-b501-63a633a7daa2,Shahnaz Dubash,mumbai-city-open-5-01,api_member_ids,True
f2db3b3d-1aef-4968-a928-0797453d1f8b,Ashwita Hosbettu,mumbai-city-open-5-01,api_member_ids,True
dd73b3c0-a4c1-4c57-87f1-25fac864cce8,Diya Chopra,mumbai-city-open-5-01,api_member_ids,True
ee6b37d2-ebd5-4a1f-8287-6205907b6fe4,Ashni Kothari,mumbai-city-open-5-01,api_member_ids,True
e190ca21-bb25-46b3-965e-bcb2ffcc3fd3,Tulsi Mehta,mumbai-city-open-5-01,api_member_ids,True
1b914254-ef80-4aa1-aae6-196986d10121,Suhani Sabharwal,mumbai-city-open-5-01,api_member_ids,True
ea8745f7-50a3-4a17-ae4e-5d13d042ceb4,Anisha Mirchandani,mumbai-city-open-5-01,api_member_ids,True
f5dad384-ffe0-451a-8d85-b6deaa46885b,Pia Kothari,mumbai-city-open-5-01,api_member_ids,True
5dd2f0f1-9e37-4f1b-9ed6-726f108ea1ea,Rayaprolu Sagar,ipt-goa-grandslam-11-0,api_member_ids,True
49e0b5fb-e92e-467e-b277-532aa91ecd88,Rudresh Shetye,ipt-goa-grandslam-11-0,api_member_ids,True
acfa1b86-681a-4b86-91f3-09eba5e486f5,Mikhail Mehra,ipt-goa-grandslam-11-0,api_member_ids,True
787505dd-9f13-4ef2-a4ae-eb81af687abf,Manan Gupta,ipt-goa-grandslam-11-0,api_member_ids,True
26603ce9-30f9-424b-91b6-14f9364429b6,Sharad Kanadje,ipt-goa-grandslam-11-0,api_member_ids,True
30ab2db4-b8de-4717-9c08-286cea50609e,Aakash Lalith,ipt-goa-grandslam-11-0,api_member_ids,True
213df946-7be9-4fcb-98c8-e0d6ba33789d,Ziaan Talab,ipt-goa-grandslam-11-0,api_member_ids,True
5df49a33-22cb-4ac4-b03a-a075acfb5390,Ashish Khemlani,ipt-goa-grandslam-11-0,api_member_ids,True
d195aee3-c907-47fb-a0fa-ee78cb4af2f8,Saurav Kankaria,ipt-goa-grandslam-11-0,api_member_ids,True
1b914254-ef80-4aa1-aae6-196986d10121,Suhani Sabharwal,ipt-goa-grandslam-11-0,api_member_ids,True
124f1292-f3a9-4139-bd9d-f9fa8e1dd983,Radhika Vasudeva,ipt-goa-grandslam-11-0,api_member_ids,True
ba0bebb9-bb83-4bfc-9c39-a96387beae44,Sonashe Bhatnagar,ipt-goa-grandslam-11-0,api_member_ids,True
8eacc1db-d346-4bac-94af-8e32b002d049,Sanjay Davis Tony,ipt-kochi-city-open-2-0,api_member_ids,True
32a0b562-9232-4c9d-baa5-622161e0b903,Glenn Renny,ipt-kochi-city-open-2-0,api_member_ids,True
68c7916e-0da4-4940-a068-eda6255290cc,Basudev Rai,ipt-kochi-city-open-2-0,api_member_ids,True
ba51f861-6210-44a0-8210-b9192afbb259,Jinto Varghese,ipt-kochi-city-open-2-0,api_member_ids,True
8a61e384-5702-4e17-b42e-f75ce4a27013,Revano Wilson,ipt-kochi-city-open-2-0,api_member_ids,True
8fc2da14-7503-4602-82ca-a8a418e43d9a,Azhar Seyad,ipt-kochi-city-open-2-0,api_member_ids,True
66f6024c-cf6b-4775-a2ef-3f7f1b0405b3,Mohammed Farhan,ipt-kochi-city-open-2-0,api_member_ids,True
ee0a9dcc-acb3-4a06-a301-ba31f2f6c134,Sachin Thomas,ipt-kochi-city-open-2-0,api_member_ids,True
689f12ba-b99c-4d69-b6f4-80c07ed7ce92,Anthony Grace Fernandes,ipt-kochi-city-open-2-0,api_member_ids,True
ce5800f0-729e-44e9-a12d-a83a5b771244,Muhammed Saleem V,ipt-kochi-city-open-2-0,api_member_ids,True
c8b84750-cba5-4022-8c4a-b6934fc472ff,Akash Wagh,ipt-kochi-city-open-2-0,api_member_ids,True
09ce181d-c08d-4189-ab36-4d4a706f1bcb,Karan Medappa,ipt-kochi-city-open-2-0,api_member_ids,True
f627335f-f154-4e08-9481-07dffc3a7d35,Famas Shanavas,ipt-kochi-city-open-2-0,api_member_ids,True
dfcae58c-6114-4a58-ae65-0da63e435421,Anna Biju,ipt-kochi-city-open-2-0,api_member_ids,True
92c80f2d-5dc8-4614-b205-953fbef21e55,Rashank Kuckreja,mumbai-city-open-5-01,api_member_ids,True
628c5ffa-e7aa-4c81-99eb-542a07475659,Kriish Sakhuja,mumbai-city-open-5-01,api_member_ids,True
4f7ba08a-4a68-434d-9eeb-bec99296fe6f,Rahul Sachdeva,mumbai-city-open-5-01,api_member_ids,True
911948ff-358b-481e-aba0-d93156ba6b31,Rishabh Rajani,mumbai-city-open-5-01,api_member_ids,True
1dbeeee2-b41a-4bec-8948-8f661c573861,Mishal Mehta,mumbai-city-open-5-01,api_member_ids,True
33e396ff-a084-4b28-b360-ff47e5b98714,Yashvardhan Sarda,mumbai-city-open-5-01,api_member_ids,True
402747a2-1ebf-400b-8f55-50dcfee08030,Aldrith Fernandez,mumbai-city-open-5-01,api_member_ids,True
5938a1b7-dfbe-4c9a-8eb1-4debd778d000,Ishan Maitreya,mumbai-city-open-5-01,api_member_ids,True
8515d030-3139-4b21-95ed-d7f4cbe438ae,Rahil Gala,mumbai-city-open-5-01,api_member_ids,True
6023f7fb-b00d-4093-ab62-cc6d12726cce,Virel Agarwal,mumbai-city-open-5-01,api_member_ids,True
75773700-bff1-4aaf-93a5-59442aac5c0d,Rahil Saboo,mumbai-city-open-5-01,api_member_ids,True
2973535a-1a87-4eb9-85af-f8d5c2f523c2,Aryaman Jajodia,mumbai-city-open-5-01,api_member_ids,True
888d1ad6-14e8-4deb-92d1-40d24f2cb4f1,Aakarsh Gulati,mumbai-city-open-5-01,api_member_ids,True
6dc1ecef-b2d9-4579-a1d0-c69e2553a65c,Tanay Mehta,mumbai-city-open-5-01,api_member_ids,True
aa07326e-0383-4295-8cde-4e336a0dd7f7,Praneet Chawla,mumbai-city-open-5-01,api_member_ids,True
f9cbf2db-691e-4851-81e6-be9e05cc4c01,Atik Luthria,mumbai-city-open-5-01,api_member_ids,True
7cc8e1d3-0f7c-475e-aa64-eb5739c7d6f9,Hamir Desai,mumbai-city-open-5-01,api_member_ids,True
33ba8a38-6ea6-4a24-a6c2-539cda4a6089,Priyesh Desai,mumbai-city-open-5-01,api_member_ids,True
ae91f022-a8d7-4512-9c62-7ad7beb36a5c,Veda Bhambhani,mumbai-city-open-5-01,api_member_ids,True
aa66801a-85de-41fe-b8d3-c5deb7346bbe,Gabriella Demetriades,mumbai-city-open-5-01,api_member_ids,True
0ac8bb0a-d25b-4a0d-8506-8955617d72fa,Anandita Parekh,mumbai-city-open-5-01,api_member_ids,True
5ecfdc1f-7bc4-4015-8d74-cd6d823ba635,Ishna Byramjee,mumbai-city-open-5-01,api_member_ids,True
b25938a4-d80d-442e-a68b-01ed3b1c27b9,Erika Lobo,mumbai-city-open-5-01,api_member_ids,True
84bbf8bb-72b8-4471-bb81-4899711ae519,Neha Mehta,mumbai-city-open-5-01,api_member_ids,True
ba0bebb9-bb83-4bfc-9c39-a96387beae44,Sonashe Bhatnagar,mumbai-city-open-5-01,api_member_ids,True
88c95f46-866c-4554-9859-95dbb6693a81,Gopi Reddy,ipt-goa-grandslam-11-0,api_member_ids,True
0179cc16-9672-4799-952f-5170933feabc,Venctexa Burye,ipt-goa-grandslam-11-0,api_member_ids,True
7ae56644-dbba-41d5-a04d-ed0a503595f6,Akshay Rai,ipt-goa-grandslam-11-0,api_member_ids,True
8b5f340d-6e89-4c2e-b8e5-d2a300ca3f85,Akshit Chaudhary,ipt-goa-grandslam-11-0,api_member_ids,True
f455fd74-d0ee-4f00-b838-363eff4730e6,Sidharth Gupta,ipt-goa-grandslam-11-0,api_member_ids,True
f627335f-f154-4e08-9481-07dffc3a7d35,Famaz Shanavas,ipt-goa-grandslam-11-0,api_member_ids,True
7818fd9a-1675-4d45-acd5-dfc6eff38028,Madhu Samtani,ipt-goa-grandslam-11-0,api_member_ids,True
e8bb7691-632b-4e35-afe3-cad46e672610,Arjun Gupta,ipt-goa-grandslam-11-0,api_member_ids,True
171f1964-54fa-4532-b6e6-24bae76da0af,Nikhil Khemka,ipt-goa-grandslam-11-0,api_member_ids,True
b94c4804-ee1d-427a-a293-f0ab8400515c,Karina Phipps,ipt-goa-grandslam-11-0,api_member_ids,True
808e72ea-16d9-41ac-88af-cdc80de35aa4,Aashna Mehra,ipt-goa-grandslam-11-0,api_member_ids,True
7a0a5946-601b-4919-858d-8e3667bd4f77,Treta Bhattacharya,ipt-goa-grandslam-11-0,api_member_ids,True
f1ecb503-6fab-40e8-8bf8-c18947a0125f,Savio Zibi,ipt-kochi-city-open-2-0,api_member_ids,True
cbb4f436-f8ad-44ca-b38e-fc9f7098ff97,Renny Chacko,ipt-kochi-city-open-2-0,api_member_ids,True
bb5b11da-7bc4-4fed-bcbd-3fa6da36fe28,Abhay Biswakarma,ipt-kochi-city-open-2-0,api_member_ids,True
b4cd5e27-cdcf-4200-82e0-7281922b0411,Steve Jacob Franco,ipt-kochi-city-open-2-0,api_member_ids,True
b7281057-4ccf-42d7-bd24-71acc1edaac2,Varghese Paul,ipt-kochi-city-open-2-0,api_member_ids,True
3c822f5d-2200-464d-bc72-f04612b2ee19,Anoop KR,ipt-kochi-city-open-2-0,api_member_ids,True
0e3ade05-7d67-414c-8e20-c2bbae3a5778,Azim Yasir,ipt-kochi-city-open-2-0,api_member_ids,True
57a2141d-40d8-46f5-80e4-11670644aaca,Parthiv Anilkumar,ipt-kochi-city-open-2-0,api_member_ids,True
423c210f-fe3b-42eb-8542-5969c9fa6eec,Adarsh S,ipt-kochi-city-open-2-0,api_member_ids,True
34db59dd-7f59-4b2a-8403-070df3a50fd9,Arun Ratnakaran,ipt-kochi-city-open-2-0,api_member_ids,True
c1049612-6cb9-4c49-bd48-2ffcd3389d45,Vinayak Kumar,ipt-kochi-city-open-2-0,api_member_ids,True
fde56650-1b21-4853-b436-dd3221ff502d,Shane Biddaiah,ipt-kochi-city-open-2-0,api_member_ids,True
6920ba87-de99-461a-9af7-74a07b08c305,Naeem Shahul,ipt-kochi-city-open-2-0,api_member_ids,True
daca6104-e707-4880-85fe-ff16d3da0c57,Meghna Biju,ipt-kochi-city-open-2-0,api_member_ids,True
bf1b649e-2d63-4872-979d-273bc66eb576,Pratikraj Singh,mumbai-city-open-5-01,api_member_ids,True
88577d45-624b-4cdb-9557-13653e446860,Jai Sakhuja,mumbai-city-open-5-01,api_member_ids,True
ef4d0083-3ad2-492d-8070-1d27cb8fa67d,Jason Pereira,mumbai-city-open-5-01,api_member_ids,True
8ebec8b6-ee3d-445c-ba14-05bc8879c4d3,Manav Shah,mumbai-city-open-5-01,api_member_ids,True
3ede0ffc-93a8-4fc8-b30b-11c2c07a8598,Khushish Jain,mumbai-city-open-5-01,api_member_ids,True
297053cf-9f92-4115-a09d-1a55c66b6433,Yash Maliwal,mumbai-city-open-5-01,api_member_ids,True
c0f4df56-a4e6-4c62-a9da-90e308737ffc,Dhruva Madhavan,mumbai-city-open-5-01,api_member_ids,True
a49f1be2-0fd0-4ea7-81e9-c04f42d129ed,Anuj Vaghani,mumbai-city-open-5-01,api_member_ids,True
65e48ebf-0f26-4abe-b2c3-6629ab689249,Tanmay Anand,mumbai-city-open-5-01,api_member_ids,True
6ce84d69-d4a3-4a09-91c3-ac921016a281,Yugant Gupta,mumbai-city-open-5-01,api_member_ids,True
3c8b6bfa-05d8-417f-bd24-a3edf965c004,Rehan Malik,mumbai-city-open-5-01,api_member_ids,True
d4d1cf44-7849-4baa-b956-c56e4613995b,Ankit Agarwal,mumbai-city-open-5-01,api_member_ids,True
98d6496b-f094-4f7b-abfa-811d3f4a34b6,Yash Shah,mumbai-city-open-5-01,api_member_ids,True
5864aa85-bcf0-49c8-b62e-15c7d244e576,Jehan Mehta,mumbai-city-open-5-01,api_member_ids,True
38994d00-4888-4d00-a61c-1a89cd8f69a5,Sidharth Ugrankar,mumbai-city-open-5-01,api_member_ids,True
1515a4f5-2ef1-4436-8c7b-4f92b1118f82,Ram Raheja,mumbai-city-open-5-01,api_member_ids,True
cff6eb07-908a-4412-9f28-3ab5692a2977,Arun Hemdev,mumbai-city-open-5-01,api_member_ids,True
557faef2-dc4d-4dc3-bee0-5516fc58358f,Ryan Tham,mumbai-city-open-5-01,api_member_ids,True
f56cac73-53ea-4e6c-86a7-9ab52222f4a0,Vedika Chamria,mumbai-city-open-5-01,api_member_ids,True
214fa58d-dcf2-4b0b-888f-f2a2341ae45b,Amaya Kothari,mumbai-city-open-5-01,api_member_ids,True
5e45411e-b0ef-4bea-b23f-c9a559a727dc,Trishina Kirpalani,mumbai-city-open-5-01,api_member_ids,True
fe2baf14-65fa-488a-aa52-602e4fa852e3,Aditi Dugar,mumbai-city-open-5-01,api_member_ids,True
1f24a3aa-b8df-4886-bedf-6f62693316b9,Anisha Aibara,mumbai-city-open-5-01,api_member_ids,True
9f517b47-d5b5-40bf-b85e-7f0f4f5d3a31,Nikhila Palat,mumbai-city-open-5-01,api_member_ids,True
a8716cfd-5d35-417a-bf7f-cc12277c615b,Dhwani Kumar,mumbai-city-open-5-01,api_member_ids,True
